[0.080s] DEBUG:colcon:Command line arguments: ['/usr/bin/colcon', 'build', '--symlink-install']
[0.080s] DEBUG:colcon:Parsed command line arguments: Namespace(log_base=None, log_level=None, verb_name='build', build_base='build', install_base='install', merge_install=False, symlink_install=True, test_result_base=None, continue_on_error=False, executor='parallel', parallel_workers=6, event_handlers=None, ignore_user_meta=False, metas=['./colcon.meta'], base_paths=['.'], packages_ignore=None, packages_ignore_regex=None, paths=None, packages_up_to=None, packages_up_to_regex=None, packages_above=None, packages_above_and_dependencies=None, packages_above_depth=None, packages_select_by_dep=None, packages_skip_by_dep=None, packages_skip_up_to=None, packages_select_build_failed=False, packages_skip_build_finished=False, packages_select_test_failures=False, packages_skip_test_passed=False, packages_select=None, packages_skip=None, packages_select_regex=None, packages_skip_regex=None, packages_start=None, packages_end=None, allow_overriding=[], cmake_args=None, cmake_target=None, cmake_target_skip_unavailable=False, cmake_clean_cache=False, cmake_clean_first=False, cmake_force_configure=False, ament_cmake_args=None, catkin_cmake_args=None, catkin_skip_building_tests=False, mixin_files=None, mixin=None, verb_parser=<colcon_mixin.mixin.mixin_argument.MixinArgumentDecorator object at 0xf433f2e90950>, verb_extension=<colcon_core.verb.build.BuildVerb object at 0xf433f2e90620>, main=<bound method BuildVerb.main of <colcon_core.verb.build.BuildVerb object at 0xf433f2e90620>>, mixin_verb=('build',))
[0.110s] Level 1:colcon.colcon_core.package_discovery:discover_packages(colcon_meta) check parameters
[0.110s] Level 1:colcon.colcon_core.package_discovery:discover_packages(recursive) check parameters
[0.110s] Level 1:colcon.colcon_core.package_discovery:discover_packages(ignore) check parameters
[0.110s] Level 1:colcon.colcon_core.package_discovery:discover_packages(path) check parameters
[0.110s] Level 1:colcon.colcon_core.package_discovery:discover_packages(colcon_meta) discover
[0.110s] Level 1:colcon.colcon_core.package_discovery:discover_packages(recursive) discover
[0.110s] INFO:colcon.colcon_core.package_discovery:Crawling recursively for packages in '/home/thibaut/Documents/bimanual_mocap/bimanual_ws'
[0.110s] Level 1:colcon.colcon_core.package_identification:_identify(.) by extensions ['ignore', 'ignore_ament_install']
[0.110s] Level 1:colcon.colcon_core.package_identification:_identify(.) by extension 'ignore'
[0.110s] Level 1:colcon.colcon_core.package_identification:_identify(.) by extension 'ignore_ament_install'
[0.110s] Level 1:colcon.colcon_core.package_identification:_identify(.) by extensions ['colcon_pkg']
[0.110s] Level 1:colcon.colcon_core.package_identification:_identify(.) by extension 'colcon_pkg'
[0.110s] Level 1:colcon.colcon_core.package_identification:_identify(.) by extensions ['colcon_meta']
[0.110s] Level 1:colcon.colcon_core.package_identification:_identify(.) by extension 'colcon_meta'
[0.110s] Level 1:colcon.colcon_core.package_identification:_identify(.) by extensions ['ros']
[0.110s] Level 1:colcon.colcon_core.package_identification:_identify(.) by extension 'ros'
[0.126s] Level 1:colcon.colcon_core.package_identification:_identify(.) by extensions ['cmake', 'python']
[0.126s] Level 1:colcon.colcon_core.package_identification:_identify(.) by extension 'cmake'
[0.126s] Level 1:colcon.colcon_core.package_identification:_identify(.) by extension 'python'
[0.126s] Level 1:colcon.colcon_core.package_identification:_identify(.) by extensions ['python_setup_py']
[0.126s] Level 1:colcon.colcon_core.package_identification:_identify(.) by extension 'python_setup_py'
[0.126s] Level 1:colcon.colcon_core.package_identification:_identify(build) by extensions ['ignore', 'ignore_ament_install']
[0.126s] Level 1:colcon.colcon_core.package_identification:_identify(build) by extension 'ignore'
[0.126s] Level 1:colcon.colcon_core.package_identification:_identify(build) ignored
[0.126s] Level 1:colcon.colcon_core.package_identification:_identify(install) by extensions ['ignore', 'ignore_ament_install']
[0.126s] Level 1:colcon.colcon_core.package_identification:_identify(install) by extension 'ignore'
[0.126s] Level 1:colcon.colcon_core.package_identification:_identify(install) ignored
[0.126s] Level 1:colcon.colcon_core.package_identification:_identify(log) by extensions ['ignore', 'ignore_ament_install']
[0.126s] Level 1:colcon.colcon_core.package_identification:_identify(log) by extension 'ignore'
[0.126s] Level 1:colcon.colcon_core.package_identification:_identify(log) ignored
[0.126s] Level 1:colcon.colcon_core.package_identification:_identify(src) by extensions ['ignore', 'ignore_ament_install']
[0.126s] Level 1:colcon.colcon_core.package_identification:_identify(src) by extension 'ignore'
[0.126s] Level 1:colcon.colcon_core.package_identification:_identify(src) by extension 'ignore_ament_install'
[0.126s] Level 1:colcon.colcon_core.package_identification:_identify(src) by extensions ['colcon_pkg']
[0.126s] Level 1:colcon.colcon_core.package_identification:_identify(src) by extension 'colcon_pkg'
[0.126s] Level 1:colcon.colcon_core.package_identification:_identify(src) by extensions ['colcon_meta']
[0.126s] Level 1:colcon.colcon_core.package_identification:_identify(src) by extension 'colcon_meta'
[0.126s] Level 1:colcon.colcon_core.package_identification:_identify(src) by extensions ['ros']
[0.127s] Level 1:colcon.colcon_core.package_identification:_identify(src) by extension 'ros'
[0.127s] Level 1:colcon.colcon_core.package_identification:_identify(src) by extensions ['cmake', 'python']
[0.127s] Level 1:colcon.colcon_core.package_identification:_identify(src) by extension 'cmake'
[0.127s] Level 1:colcon.colcon_core.package_identification:_identify(src) by extension 'python'
[0.127s] Level 1:colcon.colcon_core.package_identification:_identify(src) by extensions ['python_setup_py']
[0.127s] Level 1:colcon.colcon_core.package_identification:_identify(src) by extension 'python_setup_py'
[0.127s] Level 1:colcon.colcon_core.package_identification:_identify(src/bimanualrobot_ros2) by extensions ['ignore', 'ignore_ament_install']
[0.127s] Level 1:colcon.colcon_core.package_identification:_identify(src/bimanualrobot_ros2) by extension 'ignore'
[0.127s] Level 1:colcon.colcon_core.package_identification:_identify(src/bimanualrobot_ros2) by extension 'ignore_ament_install'
[0.127s] Level 1:colcon.colcon_core.package_identification:_identify(src/bimanualrobot_ros2) by extensions ['colcon_pkg']
[0.127s] Level 1:colcon.colcon_core.package_identification:_identify(src/bimanualrobot_ros2) by extension 'colcon_pkg'
[0.127s] Level 1:colcon.colcon_core.package_identification:_identify(src/bimanualrobot_ros2) by extensions ['colcon_meta']
[0.127s] Level 1:colcon.colcon_core.package_identification:_identify(src/bimanualrobot_ros2) by extension 'colcon_meta'
[0.127s] Level 1:colcon.colcon_core.package_identification:_identify(src/bimanualrobot_ros2) by extensions ['ros']
[0.127s] Level 1:colcon.colcon_core.package_identification:_identify(src/bimanualrobot_ros2) by extension 'ros'
[0.127s] Level 1:colcon.colcon_core.package_identification:_identify(src/bimanualrobot_ros2) by extensions ['cmake', 'python']
[0.127s] Level 1:colcon.colcon_core.package_identification:_identify(src/bimanualrobot_ros2) by extension 'cmake'
[0.127s] Level 1:colcon.colcon_core.package_identification:_identify(src/bimanualrobot_ros2) by extension 'python'
[0.127s] Level 1:colcon.colcon_core.package_identification:_identify(src/bimanualrobot_ros2) by extensions ['python_setup_py']
[0.127s] Level 1:colcon.colcon_core.package_identification:_identify(src/bimanualrobot_ros2) by extension 'python_setup_py'
[0.127s] Level 1:colcon.colcon_core.package_identification:_identify(src/bimanualrobot_ros2/bimanualrobot_bringup) by extensions ['ignore', 'ignore_ament_install']
[0.127s] Level 1:colcon.colcon_core.package_identification:_identify(src/bimanualrobot_ros2/bimanualrobot_bringup) by extension 'ignore'
[0.127s] Level 1:colcon.colcon_core.package_identification:_identify(src/bimanualrobot_ros2/bimanualrobot_bringup) by extension 'ignore_ament_install'
[0.127s] Level 1:colcon.colcon_core.package_identification:_identify(src/bimanualrobot_ros2/bimanualrobot_bringup) by extensions ['colcon_pkg']
[0.127s] Level 1:colcon.colcon_core.package_identification:_identify(src/bimanualrobot_ros2/bimanualrobot_bringup) by extension 'colcon_pkg'
[0.127s] Level 1:colcon.colcon_core.package_identification:_identify(src/bimanualrobot_ros2/bimanualrobot_bringup) by extensions ['colcon_meta']
[0.127s] Level 1:colcon.colcon_core.package_identification:_identify(src/bimanualrobot_ros2/bimanualrobot_bringup) by extension 'colcon_meta'
[0.127s] Level 1:colcon.colcon_core.package_identification:_identify(src/bimanualrobot_ros2/bimanualrobot_bringup) by extensions ['ros']
[0.127s] Level 1:colcon.colcon_core.package_identification:_identify(src/bimanualrobot_ros2/bimanualrobot_bringup) by extension 'ros'
[0.129s] DEBUG:colcon.colcon_core.package_identification:Package 'src/bimanualrobot_ros2/bimanualrobot_bringup' with type 'ros.ament_python' and name 'bimanualrobot_bringup'
[0.129s] Level 1:colcon.colcon_core.package_identification:_identify(src/bimanualrobot_ros2/bimanualrobot_description) by extensions ['ignore', 'ignore_ament_install']
[0.129s] Level 1:colcon.colcon_core.package_identification:_identify(src/bimanualrobot_ros2/bimanualrobot_description) by extension 'ignore'
[0.129s] Level 1:colcon.colcon_core.package_identification:_identify(src/bimanualrobot_ros2/bimanualrobot_description) by extension 'ignore_ament_install'
[0.129s] Level 1:colcon.colcon_core.package_identification:_identify(src/bimanualrobot_ros2/bimanualrobot_description) by extensions ['colcon_pkg']
[0.129s] Level 1:colcon.colcon_core.package_identification:_identify(src/bimanualrobot_ros2/bimanualrobot_description) by extension 'colcon_pkg'
[0.129s] Level 1:colcon.colcon_core.package_identification:_identify(src/bimanualrobot_ros2/bimanualrobot_description) by extensions ['colcon_meta']
[0.129s] Level 1:colcon.colcon_core.package_identification:_identify(src/bimanualrobot_ros2/bimanualrobot_description) by extension 'colcon_meta'
[0.129s] Level 1:colcon.colcon_core.package_identification:_identify(src/bimanualrobot_ros2/bimanualrobot_description) by extensions ['ros']
[0.129s] Level 1:colcon.colcon_core.package_identification:_identify(src/bimanualrobot_ros2/bimanualrobot_description) by extension 'ros'
[0.129s] DEBUG:colcon.colcon_core.package_identification:Package 'src/bimanualrobot_ros2/bimanualrobot_description' with type 'ros.ament_cmake' and name 'bimanualrobot_description'
[0.129s] Level 1:colcon.colcon_core.package_identification:_identify(src/bimanualrobot_ros2/bimanualrobot_drumstick_moveit_config) by extensions ['ignore', 'ignore_ament_install']
[0.129s] Level 1:colcon.colcon_core.package_identification:_identify(src/bimanualrobot_ros2/bimanualrobot_drumstick_moveit_config) by extension 'ignore'
[0.129s] Level 1:colcon.colcon_core.package_identification:_identify(src/bimanualrobot_ros2/bimanualrobot_drumstick_moveit_config) by extension 'ignore_ament_install'
[0.129s] Level 1:colcon.colcon_core.package_identification:_identify(src/bimanualrobot_ros2/bimanualrobot_drumstick_moveit_config) by extensions ['colcon_pkg']
[0.129s] Level 1:colcon.colcon_core.package_identification:_identify(src/bimanualrobot_ros2/bimanualrobot_drumstick_moveit_config) by extension 'colcon_pkg'
[0.129s] Level 1:colcon.colcon_core.package_identification:_identify(src/bimanualrobot_ros2/bimanualrobot_drumstick_moveit_config) by extensions ['colcon_meta']
[0.129s] Level 1:colcon.colcon_core.package_identification:_identify(src/bimanualrobot_ros2/bimanualrobot_drumstick_moveit_config) by extension 'colcon_meta'
[0.129s] Level 1:colcon.colcon_core.package_identification:_identify(src/bimanualrobot_ros2/bimanualrobot_drumstick_moveit_config) by extensions ['ros']
[0.129s] Level 1:colcon.colcon_core.package_identification:_identify(src/bimanualrobot_ros2/bimanualrobot_drumstick_moveit_config) by extension 'ros'
[0.130s] DEBUG:colcon.colcon_core.package_identification:Package 'src/bimanualrobot_ros2/bimanualrobot_drumstick_moveit_config' with type 'ros.ament_cmake' and name 'bimanualrobot_drumstick_moveit_config'
[0.130s] Level 1:colcon.colcon_core.package_identification:_identify(src/bimanualrobot_ros2/bimanualrobot_gazebo) by extensions ['ignore', 'ignore_ament_install']
[0.130s] Level 1:colcon.colcon_core.package_identification:_identify(src/bimanualrobot_ros2/bimanualrobot_gazebo) by extension 'ignore'
[0.130s] Level 1:colcon.colcon_core.package_identification:_identify(src/bimanualrobot_ros2/bimanualrobot_gazebo) by extension 'ignore_ament_install'
[0.130s] Level 1:colcon.colcon_core.package_identification:_identify(src/bimanualrobot_ros2/bimanualrobot_gazebo) by extensions ['colcon_pkg']
[0.130s] Level 1:colcon.colcon_core.package_identification:_identify(src/bimanualrobot_ros2/bimanualrobot_gazebo) by extension 'colcon_pkg'
[0.130s] Level 1:colcon.colcon_core.package_identification:_identify(src/bimanualrobot_ros2/bimanualrobot_gazebo) by extensions ['colcon_meta']
[0.130s] Level 1:colcon.colcon_core.package_identification:_identify(src/bimanualrobot_ros2/bimanualrobot_gazebo) by extension 'colcon_meta'
[0.130s] Level 1:colcon.colcon_core.package_identification:_identify(src/bimanualrobot_ros2/bimanualrobot_gazebo) by extensions ['ros']
[0.130s] Level 1:colcon.colcon_core.package_identification:_identify(src/bimanualrobot_ros2/bimanualrobot_gazebo) by extension 'ros'
[0.130s] DEBUG:colcon.colcon_core.package_identification:Package 'src/bimanualrobot_ros2/bimanualrobot_gazebo' with type 'ros.ament_cmake' and name 'bimanualrobot_gazebo'
[0.130s] Level 1:colcon.colcon_core.package_identification:_identify(src/bimanualrobot_ros2/bimanualrobot_moveit_config) by extensions ['ignore', 'ignore_ament_install']
[0.130s] Level 1:colcon.colcon_core.package_identification:_identify(src/bimanualrobot_ros2/bimanualrobot_moveit_config) by extension 'ignore'
[0.130s] Level 1:colcon.colcon_core.package_identification:_identify(src/bimanualrobot_ros2/bimanualrobot_moveit_config) by extension 'ignore_ament_install'
[0.130s] Level 1:colcon.colcon_core.package_identification:_identify(src/bimanualrobot_ros2/bimanualrobot_moveit_config) by extensions ['colcon_pkg']
[0.130s] Level 1:colcon.colcon_core.package_identification:_identify(src/bimanualrobot_ros2/bimanualrobot_moveit_config) by extension 'colcon_pkg'
[0.130s] Level 1:colcon.colcon_core.package_identification:_identify(src/bimanualrobot_ros2/bimanualrobot_moveit_config) by extensions ['colcon_meta']
[0.130s] Level 1:colcon.colcon_core.package_identification:_identify(src/bimanualrobot_ros2/bimanualrobot_moveit_config) by extension 'colcon_meta'
[0.130s] Level 1:colcon.colcon_core.package_identification:_identify(src/bimanualrobot_ros2/bimanualrobot_moveit_config) by extensions ['ros']
[0.130s] Level 1:colcon.colcon_core.package_identification:_identify(src/bimanualrobot_ros2/bimanualrobot_moveit_config) by extension 'ros'
[0.131s] DEBUG:colcon.colcon_core.package_identification:Package 'src/bimanualrobot_ros2/bimanualrobot_moveit_config' with type 'ros.ament_cmake' and name 'bimanualrobot_moveit_config'
[0.131s] Level 1:colcon.colcon_core.package_identification:_identify(src/bimanualrobot_ros2/bimanualrobot_ros2) by extensions ['ignore', 'ignore_ament_install']
[0.131s] Level 1:colcon.colcon_core.package_identification:_identify(src/bimanualrobot_ros2/bimanualrobot_ros2) by extension 'ignore'
[0.131s] Level 1:colcon.colcon_core.package_identification:_identify(src/bimanualrobot_ros2/bimanualrobot_ros2) by extension 'ignore_ament_install'
[0.131s] Level 1:colcon.colcon_core.package_identification:_identify(src/bimanualrobot_ros2/bimanualrobot_ros2) by extensions ['colcon_pkg']
[0.131s] Level 1:colcon.colcon_core.package_identification:_identify(src/bimanualrobot_ros2/bimanualrobot_ros2) by extension 'colcon_pkg'
[0.131s] Level 1:colcon.colcon_core.package_identification:_identify(src/bimanualrobot_ros2/bimanualrobot_ros2) by extensions ['colcon_meta']
[0.131s] Level 1:colcon.colcon_core.package_identification:_identify(src/bimanualrobot_ros2/bimanualrobot_ros2) by extension 'colcon_meta'
[0.131s] Level 1:colcon.colcon_core.package_identification:_identify(src/bimanualrobot_ros2/bimanualrobot_ros2) by extensions ['ros']
[0.131s] Level 1:colcon.colcon_core.package_identification:_identify(src/bimanualrobot_ros2/bimanualrobot_ros2) by extension 'ros'
[0.131s] DEBUG:colcon.colcon_core.package_identification:Package 'src/bimanualrobot_ros2/bimanualrobot_ros2' with type 'ros.ament_cmake' and name 'bimanualrobot_ros2'
[0.131s] Level 1:colcon.colcon_core.package_identification:_identify(src/bimanualrobot_ros2/bimanualrobot_system_tests) by extensions ['ignore', 'ignore_ament_install']
[0.131s] Level 1:colcon.colcon_core.package_identification:_identify(src/bimanualrobot_ros2/bimanualrobot_system_tests) by extension 'ignore'
[0.131s] Level 1:colcon.colcon_core.package_identification:_identify(src/bimanualrobot_ros2/bimanualrobot_system_tests) by extension 'ignore_ament_install'
[0.131s] Level 1:colcon.colcon_core.package_identification:_identify(src/bimanualrobot_ros2/bimanualrobot_system_tests) by extensions ['colcon_pkg']
[0.131s] Level 1:colcon.colcon_core.package_identification:_identify(src/bimanualrobot_ros2/bimanualrobot_system_tests) by extension 'colcon_pkg'
[0.131s] Level 1:colcon.colcon_core.package_identification:_identify(src/bimanualrobot_ros2/bimanualrobot_system_tests) by extensions ['colcon_meta']
[0.131s] Level 1:colcon.colcon_core.package_identification:_identify(src/bimanualrobot_ros2/bimanualrobot_system_tests) by extension 'colcon_meta'
[0.131s] Level 1:colcon.colcon_core.package_identification:_identify(src/bimanualrobot_ros2/bimanualrobot_system_tests) by extensions ['ros']
[0.131s] Level 1:colcon.colcon_core.package_identification:_identify(src/bimanualrobot_ros2/bimanualrobot_system_tests) by extension 'ros'
[0.132s] DEBUG:colcon.colcon_core.package_identification:Package 'src/bimanualrobot_ros2/bimanualrobot_system_tests' with type 'ros.ament_cmake' and name 'bimanualrobot_system_tests'
[0.132s] Level 1:colcon.colcon_core.package_identification:_identify(src/dynamixel_hardware_interface) by extensions ['ignore', 'ignore_ament_install']
[0.132s] Level 1:colcon.colcon_core.package_identification:_identify(src/dynamixel_hardware_interface) by extension 'ignore'
[0.132s] Level 1:colcon.colcon_core.package_identification:_identify(src/dynamixel_hardware_interface) by extension 'ignore_ament_install'
[0.132s] Level 1:colcon.colcon_core.package_identification:_identify(src/dynamixel_hardware_interface) by extensions ['colcon_pkg']
[0.132s] Level 1:colcon.colcon_core.package_identification:_identify(src/dynamixel_hardware_interface) by extension 'colcon_pkg'
[0.132s] Level 1:colcon.colcon_core.package_identification:_identify(src/dynamixel_hardware_interface) by extensions ['colcon_meta']
[0.132s] Level 1:colcon.colcon_core.package_identification:_identify(src/dynamixel_hardware_interface) by extension 'colcon_meta'
[0.132s] Level 1:colcon.colcon_core.package_identification:_identify(src/dynamixel_hardware_interface) by extensions ['ros']
[0.132s] Level 1:colcon.colcon_core.package_identification:_identify(src/dynamixel_hardware_interface) by extension 'ros'
[0.132s] DEBUG:colcon.colcon_core.package_identification:Package 'src/dynamixel_hardware_interface' with type 'ros.ament_cmake' and name 'dynamixel_hardware_interface'
[0.132s] Level 1:colcon.colcon_core.package_identification:_identify(src/dynamixel_interfaces) by extensions ['ignore', 'ignore_ament_install']
[0.132s] Level 1:colcon.colcon_core.package_identification:_identify(src/dynamixel_interfaces) by extension 'ignore'
[0.132s] Level 1:colcon.colcon_core.package_identification:_identify(src/dynamixel_interfaces) by extension 'ignore_ament_install'
[0.132s] Level 1:colcon.colcon_core.package_identification:_identify(src/dynamixel_interfaces) by extensions ['colcon_pkg']
[0.132s] Level 1:colcon.colcon_core.package_identification:_identify(src/dynamixel_interfaces) by extension 'colcon_pkg'
[0.132s] Level 1:colcon.colcon_core.package_identification:_identify(src/dynamixel_interfaces) by extensions ['colcon_meta']
[0.132s] Level 1:colcon.colcon_core.package_identification:_identify(src/dynamixel_interfaces) by extension 'colcon_meta'
[0.132s] Level 1:colcon.colcon_core.package_identification:_identify(src/dynamixel_interfaces) by extensions ['ros']
[0.132s] Level 1:colcon.colcon_core.package_identification:_identify(src/dynamixel_interfaces) by extension 'ros'
[0.133s] DEBUG:colcon.colcon_core.package_identification:Package 'src/dynamixel_interfaces' with type 'ros.ament_cmake' and name 'dynamixel_interfaces'
[0.133s] Level 1:colcon.colcon_core.package_discovery:discover_packages(recursive) using defaults
[0.133s] Level 1:colcon.colcon_core.package_discovery:discover_packages(ignore) discover
[0.133s] Level 1:colcon.colcon_core.package_discovery:discover_packages(ignore) using defaults
[0.133s] Level 1:colcon.colcon_core.package_discovery:discover_packages(path) discover
[0.133s] Level 1:colcon.colcon_core.package_discovery:discover_packages(path) using defaults
[0.145s] Level 1:colcon.colcon_core.package_discovery:discover_packages(prefix_path) check parameters
[0.145s] Level 1:colcon.colcon_core.package_discovery:discover_packages(prefix_path) discover
[0.146s] DEBUG:colcon.colcon_installed_package_information.package_discovery:Found 422 installed packages in /opt/ros/jazzy
[0.147s] Level 1:colcon.colcon_core.package_discovery:discover_packages(prefix_path) using defaults
[0.177s] Level 5:colcon.colcon_core.verb:set package 'bimanualrobot_description' build argument 'cmake_args' from command line to 'None'
[0.177s] Level 5:colcon.colcon_core.verb:set package 'bimanualrobot_description' build argument 'cmake_target' from command line to 'None'
[0.177s] Level 5:colcon.colcon_core.verb:set package 'bimanualrobot_description' build argument 'cmake_target_skip_unavailable' from command line to 'False'
[0.177s] Level 5:colcon.colcon_core.verb:set package 'bimanualrobot_description' build argument 'cmake_clean_cache' from command line to 'False'
[0.177s] Level 5:colcon.colcon_core.verb:set package 'bimanualrobot_description' build argument 'cmake_clean_first' from command line to 'False'
[0.177s] Level 5:colcon.colcon_core.verb:set package 'bimanualrobot_description' build argument 'cmake_force_configure' from command line to 'False'
[0.177s] Level 5:colcon.colcon_core.verb:set package 'bimanualrobot_description' build argument 'ament_cmake_args' from command line to 'None'
[0.177s] Level 5:colcon.colcon_core.verb:set package 'bimanualrobot_description' build argument 'catkin_cmake_args' from command line to 'None'
[0.177s] Level 5:colcon.colcon_core.verb:set package 'bimanualrobot_description' build argument 'catkin_skip_building_tests' from command line to 'False'
[0.177s] DEBUG:colcon.colcon_core.verb:Building package 'bimanualrobot_description' with the following arguments: {'ament_cmake_args': None, 'build_base': '/home/thibaut/Documents/bimanual_mocap/bimanual_ws/build/bimanualrobot_description', 'catkin_cmake_args': None, 'catkin_skip_building_tests': False, 'cmake_args': None, 'cmake_clean_cache': False, 'cmake_clean_first': False, 'cmake_force_configure': False, 'cmake_target': None, 'cmake_target_skip_unavailable': False, 'install_base': '/home/thibaut/Documents/bimanual_mocap/bimanual_ws/install/bimanualrobot_description', 'merge_install': False, 'path': '/home/thibaut/Documents/bimanual_mocap/bimanual_ws/src/bimanualrobot_ros2/bimanualrobot_description', 'symlink_install': True, 'test_result_base': None}
[0.178s] Level 5:colcon.colcon_core.verb:set package 'bimanualrobot_gazebo' build argument 'cmake_args' from command line to 'None'
[0.178s] Level 5:colcon.colcon_core.verb:set package 'bimanualrobot_gazebo' build argument 'cmake_target' from command line to 'None'
[0.178s] Level 5:colcon.colcon_core.verb:set package 'bimanualrobot_gazebo' build argument 'cmake_target_skip_unavailable' from command line to 'False'
[0.178s] Level 5:colcon.colcon_core.verb:set package 'bimanualrobot_gazebo' build argument 'cmake_clean_cache' from command line to 'False'
[0.178s] Level 5:colcon.colcon_core.verb:set package 'bimanualrobot_gazebo' build argument 'cmake_clean_first' from command line to 'False'
[0.178s] Level 5:colcon.colcon_core.verb:set package 'bimanualrobot_gazebo' build argument 'cmake_force_configure' from command line to 'False'
[0.178s] Level 5:colcon.colcon_core.verb:set package 'bimanualrobot_gazebo' build argument 'ament_cmake_args' from command line to 'None'
[0.178s] Level 5:colcon.colcon_core.verb:set package 'bimanualrobot_gazebo' build argument 'catkin_cmake_args' from command line to 'None'
[0.178s] Level 5:colcon.colcon_core.verb:set package 'bimanualrobot_gazebo' build argument 'catkin_skip_building_tests' from command line to 'False'
[0.178s] DEBUG:colcon.colcon_core.verb:Building package 'bimanualrobot_gazebo' with the following arguments: {'ament_cmake_args': None, 'build_base': '/home/thibaut/Documents/bimanual_mocap/bimanual_ws/build/bimanualrobot_gazebo', 'catkin_cmake_args': None, 'catkin_skip_building_tests': False, 'cmake_args': None, 'cmake_clean_cache': False, 'cmake_clean_first': False, 'cmake_force_configure': False, 'cmake_target': None, 'cmake_target_skip_unavailable': False, 'install_base': '/home/thibaut/Documents/bimanual_mocap/bimanual_ws/install/bimanualrobot_gazebo', 'merge_install': False, 'path': '/home/thibaut/Documents/bimanual_mocap/bimanual_ws/src/bimanualrobot_ros2/bimanualrobot_gazebo', 'symlink_install': True, 'test_result_base': None}
[0.178s] Level 5:colcon.colcon_core.verb:set package 'bimanualrobot_moveit_config' build argument 'cmake_args' from command line to 'None'
[0.178s] Level 5:colcon.colcon_core.verb:set package 'bimanualrobot_moveit_config' build argument 'cmake_target' from command line to 'None'
[0.178s] Level 5:colcon.colcon_core.verb:set package 'bimanualrobot_moveit_config' build argument 'cmake_target_skip_unavailable' from command line to 'False'
[0.178s] Level 5:colcon.colcon_core.verb:set package 'bimanualrobot_moveit_config' build argument 'cmake_clean_cache' from command line to 'False'
[0.178s] Level 5:colcon.colcon_core.verb:set package 'bimanualrobot_moveit_config' build argument 'cmake_clean_first' from command line to 'False'
[0.178s] Level 5:colcon.colcon_core.verb:set package 'bimanualrobot_moveit_config' build argument 'cmake_force_configure' from command line to 'False'
[0.178s] Level 5:colcon.colcon_core.verb:set package 'bimanualrobot_moveit_config' build argument 'ament_cmake_args' from command line to 'None'
[0.178s] Level 5:colcon.colcon_core.verb:set package 'bimanualrobot_moveit_config' build argument 'catkin_cmake_args' from command line to 'None'
[0.178s] Level 5:colcon.colcon_core.verb:set package 'bimanualrobot_moveit_config' build argument 'catkin_skip_building_tests' from command line to 'False'
[0.178s] DEBUG:colcon.colcon_core.verb:Building package 'bimanualrobot_moveit_config' with the following arguments: {'ament_cmake_args': None, 'build_base': '/home/thibaut/Documents/bimanual_mocap/bimanual_ws/build/bimanualrobot_moveit_config', 'catkin_cmake_args': None, 'catkin_skip_building_tests': False, 'cmake_args': None, 'cmake_clean_cache': False, 'cmake_clean_first': False, 'cmake_force_configure': False, 'cmake_target': None, 'cmake_target_skip_unavailable': False, 'install_base': '/home/thibaut/Documents/bimanual_mocap/bimanual_ws/install/bimanualrobot_moveit_config', 'merge_install': False, 'path': '/home/thibaut/Documents/bimanual_mocap/bimanual_ws/src/bimanualrobot_ros2/bimanualrobot_moveit_config', 'symlink_install': True, 'test_result_base': None}
[0.178s] Level 5:colcon.colcon_core.verb:set package 'bimanualrobot_system_tests' build argument 'cmake_args' from command line to 'None'
[0.178s] Level 5:colcon.colcon_core.verb:set package 'bimanualrobot_system_tests' build argument 'cmake_target' from command line to 'None'
[0.178s] Level 5:colcon.colcon_core.verb:set package 'bimanualrobot_system_tests' build argument 'cmake_target_skip_unavailable' from command line to 'False'
[0.178s] Level 5:colcon.colcon_core.verb:set package 'bimanualrobot_system_tests' build argument 'cmake_clean_cache' from command line to 'False'
[0.178s] Level 5:colcon.colcon_core.verb:set package 'bimanualrobot_system_tests' build argument 'cmake_clean_first' from command line to 'False'
[0.178s] Level 5:colcon.colcon_core.verb:set package 'bimanualrobot_system_tests' build argument 'cmake_force_configure' from command line to 'False'
[0.178s] Level 5:colcon.colcon_core.verb:set package 'bimanualrobot_system_tests' build argument 'ament_cmake_args' from command line to 'None'
[0.178s] Level 5:colcon.colcon_core.verb:set package 'bimanualrobot_system_tests' build argument 'catkin_cmake_args' from command line to 'None'
[0.178s] Level 5:colcon.colcon_core.verb:set package 'bimanualrobot_system_tests' build argument 'catkin_skip_building_tests' from command line to 'False'
[0.178s] DEBUG:colcon.colcon_core.verb:Building package 'bimanualrobot_system_tests' with the following arguments: {'ament_cmake_args': None, 'build_base': '/home/thibaut/Documents/bimanual_mocap/bimanual_ws/build/bimanualrobot_system_tests', 'catkin_cmake_args': None, 'catkin_skip_building_tests': False, 'cmake_args': None, 'cmake_clean_cache': False, 'cmake_clean_first': False, 'cmake_force_configure': False, 'cmake_target': None, 'cmake_target_skip_unavailable': False, 'install_base': '/home/thibaut/Documents/bimanual_mocap/bimanual_ws/install/bimanualrobot_system_tests', 'merge_install': False, 'path': '/home/thibaut/Documents/bimanual_mocap/bimanual_ws/src/bimanualrobot_ros2/bimanualrobot_system_tests', 'symlink_install': True, 'test_result_base': None}
[0.178s] Level 5:colcon.colcon_core.verb:set package 'dynamixel_interfaces' build argument 'cmake_args' from command line to 'None'
[0.178s] Level 5:colcon.colcon_core.verb:set package 'dynamixel_interfaces' build argument 'cmake_target' from command line to 'None'
[0.178s] Level 5:colcon.colcon_core.verb:set package 'dynamixel_interfaces' build argument 'cmake_target_skip_unavailable' from command line to 'False'
[0.178s] Level 5:colcon.colcon_core.verb:set package 'dynamixel_interfaces' build argument 'cmake_clean_cache' from command line to 'False'
[0.178s] Level 5:colcon.colcon_core.verb:set package 'dynamixel_interfaces' build argument 'cmake_clean_first' from command line to 'False'
[0.178s] Level 5:colcon.colcon_core.verb:set package 'dynamixel_interfaces' build argument 'cmake_force_configure' from command line to 'False'
[0.178s] Level 5:colcon.colcon_core.verb:set package 'dynamixel_interfaces' build argument 'ament_cmake_args' from command line to 'None'
[0.178s] Level 5:colcon.colcon_core.verb:set package 'dynamixel_interfaces' build argument 'catkin_cmake_args' from command line to 'None'
[0.178s] Level 5:colcon.colcon_core.verb:set package 'dynamixel_interfaces' build argument 'catkin_skip_building_tests' from command line to 'False'
[0.178s] DEBUG:colcon.colcon_core.verb:Building package 'dynamixel_interfaces' with the following arguments: {'ament_cmake_args': None, 'build_base': '/home/thibaut/Documents/bimanual_mocap/bimanual_ws/build/dynamixel_interfaces', 'catkin_cmake_args': None, 'catkin_skip_building_tests': False, 'cmake_args': None, 'cmake_clean_cache': False, 'cmake_clean_first': False, 'cmake_force_configure': False, 'cmake_target': None, 'cmake_target_skip_unavailable': False, 'install_base': '/home/thibaut/Documents/bimanual_mocap/bimanual_ws/install/dynamixel_interfaces', 'merge_install': False, 'path': '/home/thibaut/Documents/bimanual_mocap/bimanual_ws/src/dynamixel_interfaces', 'symlink_install': True, 'test_result_base': None}
[0.178s] Level 5:colcon.colcon_core.verb:set package 'bimanualrobot_drumstick_moveit_config' build argument 'cmake_args' from command line to 'None'
[0.178s] Level 5:colcon.colcon_core.verb:set package 'bimanualrobot_drumstick_moveit_config' build argument 'cmake_target' from command line to 'None'
[0.178s] Level 5:colcon.colcon_core.verb:set package 'bimanualrobot_drumstick_moveit_config' build argument 'cmake_target_skip_unavailable' from command line to 'False'
[0.178s] Level 5:colcon.colcon_core.verb:set package 'bimanualrobot_drumstick_moveit_config' build argument 'cmake_clean_cache' from command line to 'False'
[0.178s] Level 5:colcon.colcon_core.verb:set package 'bimanualrobot_drumstick_moveit_config' build argument 'cmake_clean_first' from command line to 'False'
[0.178s] Level 5:colcon.colcon_core.verb:set package 'bimanualrobot_drumstick_moveit_config' build argument 'cmake_force_configure' from command line to 'False'
[0.178s] Level 5:colcon.colcon_core.verb:set package 'bimanualrobot_drumstick_moveit_config' build argument 'ament_cmake_args' from command line to 'None'
[0.178s] Level 5:colcon.colcon_core.verb:set package 'bimanualrobot_drumstick_moveit_config' build argument 'catkin_cmake_args' from command line to 'None'
[0.178s] Level 5:colcon.colcon_core.verb:set package 'bimanualrobot_drumstick_moveit_config' build argument 'catkin_skip_building_tests' from command line to 'False'
[0.178s] DEBUG:colcon.colcon_core.verb:Building package 'bimanualrobot_drumstick_moveit_config' with the following arguments: {'ament_cmake_args': None, 'build_base': '/home/thibaut/Documents/bimanual_mocap/bimanual_ws/build/bimanualrobot_drumstick_moveit_config', 'catkin_cmake_args': None, 'catkin_skip_building_tests': False, 'cmake_args': None, 'cmake_clean_cache': False, 'cmake_clean_first': False, 'cmake_force_configure': False, 'cmake_target': None, 'cmake_target_skip_unavailable': False, 'install_base': '/home/thibaut/Documents/bimanual_mocap/bimanual_ws/install/bimanualrobot_drumstick_moveit_config', 'merge_install': False, 'path': '/home/thibaut/Documents/bimanual_mocap/bimanual_ws/src/bimanualrobot_ros2/bimanualrobot_drumstick_moveit_config', 'symlink_install': True, 'test_result_base': None}
[0.178s] Level 5:colcon.colcon_core.verb:set package 'dynamixel_hardware_interface' build argument 'cmake_args' from command line to 'None'
[0.178s] Level 5:colcon.colcon_core.verb:set package 'dynamixel_hardware_interface' build argument 'cmake_target' from command line to 'None'
[0.178s] Level 5:colcon.colcon_core.verb:set package 'dynamixel_hardware_interface' build argument 'cmake_target_skip_unavailable' from command line to 'False'
[0.178s] Level 5:colcon.colcon_core.verb:set package 'dynamixel_hardware_interface' build argument 'cmake_clean_cache' from command line to 'False'
[0.178s] Level 5:colcon.colcon_core.verb:set package 'dynamixel_hardware_interface' build argument 'cmake_clean_first' from command line to 'False'
[0.178s] Level 5:colcon.colcon_core.verb:set package 'dynamixel_hardware_interface' build argument 'cmake_force_configure' from command line to 'False'
[0.178s] Level 5:colcon.colcon_core.verb:set package 'dynamixel_hardware_interface' build argument 'ament_cmake_args' from command line to 'None'
[0.178s] Level 5:colcon.colcon_core.verb:set package 'dynamixel_hardware_interface' build argument 'catkin_cmake_args' from command line to 'None'
[0.178s] Level 5:colcon.colcon_core.verb:set package 'dynamixel_hardware_interface' build argument 'catkin_skip_building_tests' from command line to 'False'
[0.178s] DEBUG:colcon.colcon_core.verb:Building package 'dynamixel_hardware_interface' with the following arguments: {'ament_cmake_args': None, 'build_base': '/home/thibaut/Documents/bimanual_mocap/bimanual_ws/build/dynamixel_hardware_interface', 'catkin_cmake_args': None, 'catkin_skip_building_tests': False, 'cmake_args': None, 'cmake_clean_cache': False, 'cmake_clean_first': False, 'cmake_force_configure': False, 'cmake_target': None, 'cmake_target_skip_unavailable': False, 'install_base': '/home/thibaut/Documents/bimanual_mocap/bimanual_ws/install/dynamixel_hardware_interface', 'merge_install': False, 'path': '/home/thibaut/Documents/bimanual_mocap/bimanual_ws/src/dynamixel_hardware_interface', 'symlink_install': True, 'test_result_base': None}
[0.179s] Level 5:colcon.colcon_core.verb:set package 'bimanualrobot_bringup' build argument 'cmake_args' from command line to 'None'
[0.179s] Level 5:colcon.colcon_core.verb:set package 'bimanualrobot_bringup' build argument 'cmake_target' from command line to 'None'
[0.179s] Level 5:colcon.colcon_core.verb:set package 'bimanualrobot_bringup' build argument 'cmake_target_skip_unavailable' from command line to 'False'
[0.179s] Level 5:colcon.colcon_core.verb:set package 'bimanualrobot_bringup' build argument 'cmake_clean_cache' from command line to 'False'
[0.179s] Level 5:colcon.colcon_core.verb:set package 'bimanualrobot_bringup' build argument 'cmake_clean_first' from command line to 'False'
[0.179s] Level 5:colcon.colcon_core.verb:set package 'bimanualrobot_bringup' build argument 'cmake_force_configure' from command line to 'False'
[0.179s] Level 5:colcon.colcon_core.verb:set package 'bimanualrobot_bringup' build argument 'ament_cmake_args' from command line to 'None'
[0.179s] Level 5:colcon.colcon_core.verb:set package 'bimanualrobot_bringup' build argument 'catkin_cmake_args' from command line to 'None'
[0.179s] Level 5:colcon.colcon_core.verb:set package 'bimanualrobot_bringup' build argument 'catkin_skip_building_tests' from command line to 'False'
[0.179s] DEBUG:colcon.colcon_core.verb:Building package 'bimanualrobot_bringup' with the following arguments: {'ament_cmake_args': None, 'build_base': '/home/thibaut/Documents/bimanual_mocap/bimanual_ws/build/bimanualrobot_bringup', 'catkin_cmake_args': None, 'catkin_skip_building_tests': False, 'cmake_args': None, 'cmake_clean_cache': False, 'cmake_clean_first': False, 'cmake_force_configure': False, 'cmake_target': None, 'cmake_target_skip_unavailable': False, 'install_base': '/home/thibaut/Documents/bimanual_mocap/bimanual_ws/install/bimanualrobot_bringup', 'merge_install': False, 'path': '/home/thibaut/Documents/bimanual_mocap/bimanual_ws/src/bimanualrobot_ros2/bimanualrobot_bringup', 'symlink_install': True, 'test_result_base': None}
[0.179s] Level 5:colcon.colcon_core.verb:set package 'bimanualrobot_ros2' build argument 'cmake_args' from command line to 'None'
[0.179s] Level 5:colcon.colcon_core.verb:set package 'bimanualrobot_ros2' build argument 'cmake_target' from command line to 'None'
[0.179s] Level 5:colcon.colcon_core.verb:set package 'bimanualrobot_ros2' build argument 'cmake_target_skip_unavailable' from command line to 'False'
[0.179s] Level 5:colcon.colcon_core.verb:set package 'bimanualrobot_ros2' build argument 'cmake_clean_cache' from command line to 'False'
[0.179s] Level 5:colcon.colcon_core.verb:set package 'bimanualrobot_ros2' build argument 'cmake_clean_first' from command line to 'False'
[0.179s] Level 5:colcon.colcon_core.verb:set package 'bimanualrobot_ros2' build argument 'cmake_force_configure' from command line to 'False'
[0.179s] Level 5:colcon.colcon_core.verb:set package 'bimanualrobot_ros2' build argument 'ament_cmake_args' from command line to 'None'
[0.179s] Level 5:colcon.colcon_core.verb:set package 'bimanualrobot_ros2' build argument 'catkin_cmake_args' from command line to 'None'
[0.179s] Level 5:colcon.colcon_core.verb:set package 'bimanualrobot_ros2' build argument 'catkin_skip_building_tests' from command line to 'False'
[0.179s] DEBUG:colcon.colcon_core.verb:Building package 'bimanualrobot_ros2' with the following arguments: {'ament_cmake_args': None, 'build_base': '/home/thibaut/Documents/bimanual_mocap/bimanual_ws/build/bimanualrobot_ros2', 'catkin_cmake_args': None, 'catkin_skip_building_tests': False, 'cmake_args': None, 'cmake_clean_cache': False, 'cmake_clean_first': False, 'cmake_force_configure': False, 'cmake_target': None, 'cmake_target_skip_unavailable': False, 'install_base': '/home/thibaut/Documents/bimanual_mocap/bimanual_ws/install/bimanualrobot_ros2', 'merge_install': False, 'path': '/home/thibaut/Documents/bimanual_mocap/bimanual_ws/src/bimanualrobot_ros2/bimanualrobot_ros2', 'symlink_install': True, 'test_result_base': None}
[0.179s] INFO:colcon.colcon_core.executor:Executing jobs using 'parallel' executor
[0.180s] DEBUG:colcon.colcon_parallel_executor.executor.parallel:run_until_complete
[0.180s] INFO:colcon.colcon_ros.task.ament_cmake.build:Building ROS package in '/home/thibaut/Documents/bimanual_mocap/bimanual_ws/src/bimanualrobot_ros2/bimanualrobot_description' with build type 'ament_cmake'
[0.180s] INFO:colcon.colcon_cmake.task.cmake.build:Building CMake package in '/home/thibaut/Documents/bimanual_mocap/bimanual_ws/src/bimanualrobot_ros2/bimanualrobot_description'
[0.182s] INFO:colcon.colcon_core.plugin_system:Skipping extension 'colcon_core.shell.bat': Not used on non-Windows systems
[0.182s] INFO:colcon.colcon_core.shell:Skip shell extension 'powershell' for command environment: Not usable outside of PowerShell
[0.182s] DEBUG:colcon.colcon_core.shell:Skip shell extension 'dsv' for command environment
[0.185s] INFO:colcon.colcon_ros.task.ament_cmake.build:Building ROS package in '/home/thibaut/Documents/bimanual_mocap/bimanual_ws/src/dynamixel_interfaces' with build type 'ament_cmake'
[0.185s] INFO:colcon.colcon_cmake.task.cmake.build:Building CMake package in '/home/thibaut/Documents/bimanual_mocap/bimanual_ws/src/dynamixel_interfaces'
[0.185s] INFO:colcon.colcon_core.shell:Skip shell extension 'powershell' for command environment: Not usable outside of PowerShell
[0.185s] DEBUG:colcon.colcon_core.shell:Skip shell extension 'dsv' for command environment
[0.187s] INFO:colcon.colcon_ros.task.ament_cmake.build:Building ROS package in '/home/thibaut/Documents/bimanual_mocap/bimanual_ws/src/bimanualrobot_ros2/bimanualrobot_gazebo' with build type 'ament_cmake'
[0.187s] INFO:colcon.colcon_cmake.task.cmake.build:Building CMake package in '/home/thibaut/Documents/bimanual_mocap/bimanual_ws/src/bimanualrobot_ros2/bimanualrobot_gazebo'
[0.187s] INFO:colcon.colcon_core.shell:Skip shell extension 'powershell' for command environment: Not usable outside of PowerShell
[0.187s] DEBUG:colcon.colcon_core.shell:Skip shell extension 'dsv' for command environment
[0.189s] INFO:colcon.colcon_ros.task.ament_cmake.build:Building ROS package in '/home/thibaut/Documents/bimanual_mocap/bimanual_ws/src/bimanualrobot_ros2/bimanualrobot_moveit_config' with build type 'ament_cmake'
[0.189s] INFO:colcon.colcon_cmake.task.cmake.build:Building CMake package in '/home/thibaut/Documents/bimanual_mocap/bimanual_ws/src/bimanualrobot_ros2/bimanualrobot_moveit_config'
[0.189s] INFO:colcon.colcon_core.shell:Skip shell extension 'powershell' for command environment: Not usable outside of PowerShell
[0.189s] DEBUG:colcon.colcon_core.shell:Skip shell extension 'dsv' for command environment
[0.190s] INFO:colcon.colcon_ros.task.ament_cmake.build:Building ROS package in '/home/thibaut/Documents/bimanual_mocap/bimanual_ws/src/bimanualrobot_ros2/bimanualrobot_system_tests' with build type 'ament_cmake'
[0.191s] INFO:colcon.colcon_cmake.task.cmake.build:Building CMake package in '/home/thibaut/Documents/bimanual_mocap/bimanual_ws/src/bimanualrobot_ros2/bimanualrobot_system_tests'
[0.191s] INFO:colcon.colcon_core.shell:Skip shell extension 'powershell' for command environment: Not usable outside of PowerShell
[0.191s] DEBUG:colcon.colcon_core.shell:Skip shell extension 'dsv' for command environment
[0.194s] DEBUG:colcon.colcon_core.event_handler.log_command:Invoking command in '/home/thibaut/Documents/bimanual_mocap/bimanual_ws/build/bimanualrobot_description': CMAKE_PREFIX_PATH=${CMAKE_PREFIX_PATH}:/opt/ros/jazzy DEBUGINFOD_URLS=https://debuginfod.ubuntu.com /usr/bin/cmake /home/thibaut/Documents/bimanual_mocap/bimanual_ws/src/bimanualrobot_ros2/bimanualrobot_description -DAMENT_CMAKE_SYMLINK_INSTALL=1 -DCMAKE_INSTALL_PREFIX=/home/thibaut/Documents/bimanual_mocap/bimanual_ws/install/bimanualrobot_description
[0.198s] DEBUG:colcon.colcon_core.event_handler.log_command:Invoking command in '/home/thibaut/Documents/bimanual_mocap/bimanual_ws/build/dynamixel_interfaces': CMAKE_PREFIX_PATH=${CMAKE_PREFIX_PATH}:/opt/ros/jazzy DEBUGINFOD_URLS=https://debuginfod.ubuntu.com /usr/bin/cmake /home/thibaut/Documents/bimanual_mocap/bimanual_ws/src/dynamixel_interfaces -DAMENT_CMAKE_SYMLINK_INSTALL=1 -DCMAKE_INSTALL_PREFIX=/home/thibaut/Documents/bimanual_mocap/bimanual_ws/install/dynamixel_interfaces
[0.200s] DEBUG:colcon.colcon_core.event_handler.log_command:Invoking command in '/home/thibaut/Documents/bimanual_mocap/bimanual_ws/build/bimanualrobot_gazebo': CMAKE_PREFIX_PATH=${CMAKE_PREFIX_PATH}:/opt/ros/jazzy DEBUGINFOD_URLS=https://debuginfod.ubuntu.com /usr/bin/cmake /home/thibaut/Documents/bimanual_mocap/bimanual_ws/src/bimanualrobot_ros2/bimanualrobot_gazebo -DAMENT_CMAKE_SYMLINK_INSTALL=1 -DCMAKE_INSTALL_PREFIX=/home/thibaut/Documents/bimanual_mocap/bimanual_ws/install/bimanualrobot_gazebo
[0.202s] DEBUG:colcon.colcon_core.event_handler.log_command:Invoking command in '/home/thibaut/Documents/bimanual_mocap/bimanual_ws/build/bimanualrobot_moveit_config': CMAKE_PREFIX_PATH=${CMAKE_PREFIX_PATH}:/opt/ros/jazzy DEBUGINFOD_URLS=https://debuginfod.ubuntu.com /usr/bin/cmake /home/thibaut/Documents/bimanual_mocap/bimanual_ws/src/bimanualrobot_ros2/bimanualrobot_moveit_config -DAMENT_CMAKE_SYMLINK_INSTALL=1 -DCMAKE_INSTALL_PREFIX=/home/thibaut/Documents/bimanual_mocap/bimanual_ws/install/bimanualrobot_moveit_config
[0.214s] DEBUG:colcon.colcon_core.event_handler.log_command:Invoking command in '/home/thibaut/Documents/bimanual_mocap/bimanual_ws/build/bimanualrobot_system_tests': CMAKE_PREFIX_PATH=${CMAKE_PREFIX_PATH}:/opt/ros/jazzy DEBUGINFOD_URLS=https://debuginfod.ubuntu.com /usr/bin/cmake /home/thibaut/Documents/bimanual_mocap/bimanual_ws/src/bimanualrobot_ros2/bimanualrobot_system_tests -DAMENT_CMAKE_SYMLINK_INSTALL=1 -DCMAKE_INSTALL_PREFIX=/home/thibaut/Documents/bimanual_mocap/bimanual_ws/install/bimanualrobot_system_tests
[0.791s] DEBUG:colcon.colcon_core.event_handler.log_command:Invoked command in '/home/thibaut/Documents/bimanual_mocap/bimanual_ws/build/bimanualrobot_description' returned '0': CMAKE_PREFIX_PATH=${CMAKE_PREFIX_PATH}:/opt/ros/jazzy DEBUGINFOD_URLS=https://debuginfod.ubuntu.com /usr/bin/cmake /home/thibaut/Documents/bimanual_mocap/bimanual_ws/src/bimanualrobot_ros2/bimanualrobot_description -DAMENT_CMAKE_SYMLINK_INSTALL=1 -DCMAKE_INSTALL_PREFIX=/home/thibaut/Documents/bimanual_mocap/bimanual_ws/install/bimanualrobot_description
[0.792s] DEBUG:colcon.colcon_core.event_handler.log_command:Invoking command in '/home/thibaut/Documents/bimanual_mocap/bimanual_ws/build/bimanualrobot_description': CMAKE_PREFIX_PATH=${CMAKE_PREFIX_PATH}:/opt/ros/jazzy DEBUGINFOD_URLS=https://debuginfod.ubuntu.com /usr/bin/cmake --build /home/thibaut/Documents/bimanual_mocap/bimanual_ws/build/bimanualrobot_description -- -j6 -l6
[0.821s] DEBUG:colcon.colcon_core.event_handler.log_command:Invoked command in '/home/thibaut/Documents/bimanual_mocap/bimanual_ws/build/bimanualrobot_description' returned '0': CMAKE_PREFIX_PATH=${CMAKE_PREFIX_PATH}:/opt/ros/jazzy DEBUGINFOD_URLS=https://debuginfod.ubuntu.com /usr/bin/cmake --build /home/thibaut/Documents/bimanual_mocap/bimanual_ws/build/bimanualrobot_description -- -j6 -l6
[0.828s] DEBUG:colcon.colcon_core.event_handler.log_command:Invoking command in '/home/thibaut/Documents/bimanual_mocap/bimanual_ws/build/bimanualrobot_description': CMAKE_PREFIX_PATH=${CMAKE_PREFIX_PATH}:/opt/ros/jazzy DEBUGINFOD_URLS=https://debuginfod.ubuntu.com /usr/bin/cmake --install /home/thibaut/Documents/bimanual_mocap/bimanual_ws/build/bimanualrobot_description
[1.164s] DEBUG:colcon.colcon_core.event_handler.log_command:Invoked command in '/home/thibaut/Documents/bimanual_mocap/bimanual_ws/build/bimanualrobot_system_tests' returned '0': CMAKE_PREFIX_PATH=${CMAKE_PREFIX_PATH}:/opt/ros/jazzy DEBUGINFOD_URLS=https://debuginfod.ubuntu.com /usr/bin/cmake /home/thibaut/Documents/bimanual_mocap/bimanual_ws/src/bimanualrobot_ros2/bimanualrobot_system_tests -DAMENT_CMAKE_SYMLINK_INSTALL=1 -DCMAKE_INSTALL_PREFIX=/home/thibaut/Documents/bimanual_mocap/bimanual_ws/install/bimanualrobot_system_tests
[1.165s] DEBUG:colcon.colcon_core.event_handler.log_command:Invoking command in '/home/thibaut/Documents/bimanual_mocap/bimanual_ws/build/bimanualrobot_system_tests': CMAKE_PREFIX_PATH=${CMAKE_PREFIX_PATH}:/opt/ros/jazzy DEBUGINFOD_URLS=https://debuginfod.ubuntu.com /usr/bin/cmake --build /home/thibaut/Documents/bimanual_mocap/bimanual_ws/build/bimanualrobot_system_tests -- -j6 -l6
[1.192s] DEBUG:colcon.colcon_core.event_handler.log_command:Invoked command in '/home/thibaut/Documents/bimanual_mocap/bimanual_ws/build/bimanualrobot_system_tests' returned '0': CMAKE_PREFIX_PATH=${CMAKE_PREFIX_PATH}:/opt/ros/jazzy DEBUGINFOD_URLS=https://debuginfod.ubuntu.com /usr/bin/cmake --build /home/thibaut/Documents/bimanual_mocap/bimanual_ws/build/bimanualrobot_system_tests -- -j6 -l6
[1.192s] DEBUG:colcon.colcon_core.event_handler.log_command:Invoking command in '/home/thibaut/Documents/bimanual_mocap/bimanual_ws/build/bimanualrobot_system_tests': CMAKE_PREFIX_PATH=${CMAKE_PREFIX_PATH}:/opt/ros/jazzy DEBUGINFOD_URLS=https://debuginfod.ubuntu.com /usr/bin/cmake --install /home/thibaut/Documents/bimanual_mocap/bimanual_ws/build/bimanualrobot_system_tests
[1.219s] Level 1:colcon.colcon_core.environment:create_environment_scripts_only(bimanualrobot_description)
[1.220s] Level 1:colcon.colcon_core.environment:checking '/home/thibaut/Documents/bimanual_mocap/bimanual_ws/install/bimanualrobot_description' for CMake module files
[1.220s] Level 1:colcon.colcon_core.environment:checking '/home/thibaut/Documents/bimanual_mocap/bimanual_ws/install/bimanualrobot_description' for CMake config files
[1.221s] Level 1:colcon.colcon_core.shell:create_environment_hook('bimanualrobot_description', 'cmake_prefix_path')
[1.221s] INFO:colcon.colcon_core.shell:Creating environment hook '/home/thibaut/Documents/bimanual_mocap/bimanual_ws/install/bimanualrobot_description/share/bimanualrobot_description/hook/cmake_prefix_path.ps1'
[1.221s] DEBUG:colcon.colcon_core.event_handler.log_command:Invoked command in '/home/thibaut/Documents/bimanual_mocap/bimanual_ws/build/bimanualrobot_description' returned '0': CMAKE_PREFIX_PATH=${CMAKE_PREFIX_PATH}:/opt/ros/jazzy DEBUGINFOD_URLS=https://debuginfod.ubuntu.com /usr/bin/cmake --install /home/thibaut/Documents/bimanual_mocap/bimanual_ws/build/bimanualrobot_description
[1.222s] INFO:colcon.colcon_core.shell:Creating environment descriptor '/home/thibaut/Documents/bimanual_mocap/bimanual_ws/install/bimanualrobot_description/share/bimanualrobot_description/hook/cmake_prefix_path.dsv'
[1.224s] INFO:colcon.colcon_core.shell:Creating environment hook '/home/thibaut/Documents/bimanual_mocap/bimanual_ws/install/bimanualrobot_description/share/bimanualrobot_description/hook/cmake_prefix_path.sh'
[1.224s] Level 1:colcon.colcon_core.environment:checking '/home/thibaut/Documents/bimanual_mocap/bimanual_ws/install/bimanualrobot_description/bin'
[1.224s] Level 1:colcon.colcon_core.environment:checking '/home/thibaut/Documents/bimanual_mocap/bimanual_ws/install/bimanualrobot_description/lib/pkgconfig/bimanualrobot_description.pc'
[1.225s] Level 1:colcon.colcon_core.environment:checking '/home/thibaut/Documents/bimanual_mocap/bimanual_ws/install/bimanualrobot_description/lib/python3.12/site-packages'
[1.225s] Level 1:colcon.colcon_core.environment:checking '/home/thibaut/Documents/bimanual_mocap/bimanual_ws/install/bimanualrobot_description/bin'
[1.225s] INFO:colcon.colcon_core.shell:Creating package script '/home/thibaut/Documents/bimanual_mocap/bimanual_ws/install/bimanualrobot_description/share/bimanualrobot_description/package.ps1'
[1.226s] INFO:colcon.colcon_core.shell:Creating package descriptor '/home/thibaut/Documents/bimanual_mocap/bimanual_ws/install/bimanualrobot_description/share/bimanualrobot_description/package.dsv'
[1.226s] INFO:colcon.colcon_core.shell:Creating package script '/home/thibaut/Documents/bimanual_mocap/bimanual_ws/install/bimanualrobot_description/share/bimanualrobot_description/package.sh'
[1.226s] INFO:colcon.colcon_core.shell:Creating package script '/home/thibaut/Documents/bimanual_mocap/bimanual_ws/install/bimanualrobot_description/share/bimanualrobot_description/package.bash'
[1.227s] INFO:colcon.colcon_core.shell:Creating package script '/home/thibaut/Documents/bimanual_mocap/bimanual_ws/install/bimanualrobot_description/share/bimanualrobot_description/package.zsh'
[1.227s] Level 1:colcon.colcon_core.environment:create_file_with_runtime_dependencies(/home/thibaut/Documents/bimanual_mocap/bimanual_ws/install/bimanualrobot_description/share/colcon-core/packages/bimanualrobot_description)
[1.230s] Level 1:colcon.colcon_core.environment:create_environment_scripts_only(bimanualrobot_description)
[1.230s] Level 1:colcon.colcon_core.environment:checking '/home/thibaut/Documents/bimanual_mocap/bimanual_ws/install/bimanualrobot_description' for CMake module files
[1.231s] Level 1:colcon.colcon_core.environment:checking '/home/thibaut/Documents/bimanual_mocap/bimanual_ws/install/bimanualrobot_description' for CMake config files
[1.231s] Level 1:colcon.colcon_core.shell:create_environment_hook('bimanualrobot_description', 'cmake_prefix_path')
[1.231s] INFO:colcon.colcon_core.shell:Creating environment hook '/home/thibaut/Documents/bimanual_mocap/bimanual_ws/install/bimanualrobot_description/share/bimanualrobot_description/hook/cmake_prefix_path.ps1'
[1.232s] INFO:colcon.colcon_core.shell:Creating environment descriptor '/home/thibaut/Documents/bimanual_mocap/bimanual_ws/install/bimanualrobot_description/share/bimanualrobot_description/hook/cmake_prefix_path.dsv'
[1.232s] INFO:colcon.colcon_core.shell:Creating environment hook '/home/thibaut/Documents/bimanual_mocap/bimanual_ws/install/bimanualrobot_description/share/bimanualrobot_description/hook/cmake_prefix_path.sh'
[1.232s] Level 1:colcon.colcon_core.environment:checking '/home/thibaut/Documents/bimanual_mocap/bimanual_ws/install/bimanualrobot_description/bin'
[1.233s] Level 1:colcon.colcon_core.environment:checking '/home/thibaut/Documents/bimanual_mocap/bimanual_ws/install/bimanualrobot_description/lib/pkgconfig/bimanualrobot_description.pc'
[1.233s] Level 1:colcon.colcon_core.environment:checking '/home/thibaut/Documents/bimanual_mocap/bimanual_ws/install/bimanualrobot_description/lib/python3.12/site-packages'
[1.234s] Level 1:colcon.colcon_core.environment:checking '/home/thibaut/Documents/bimanual_mocap/bimanual_ws/install/bimanualrobot_description/bin'
[1.234s] INFO:colcon.colcon_core.shell:Creating package script '/home/thibaut/Documents/bimanual_mocap/bimanual_ws/install/bimanualrobot_description/share/bimanualrobot_description/package.ps1'
[1.234s] INFO:colcon.colcon_core.shell:Creating package descriptor '/home/thibaut/Documents/bimanual_mocap/bimanual_ws/install/bimanualrobot_description/share/bimanualrobot_description/package.dsv'
[1.234s] INFO:colcon.colcon_core.shell:Creating package script '/home/thibaut/Documents/bimanual_mocap/bimanual_ws/install/bimanualrobot_description/share/bimanualrobot_description/package.sh'
[1.234s] INFO:colcon.colcon_core.shell:Creating package script '/home/thibaut/Documents/bimanual_mocap/bimanual_ws/install/bimanualrobot_description/share/bimanualrobot_description/package.bash'
[1.235s] INFO:colcon.colcon_core.shell:Creating package script '/home/thibaut/Documents/bimanual_mocap/bimanual_ws/install/bimanualrobot_description/share/bimanualrobot_description/package.zsh'
[1.235s] Level 1:colcon.colcon_core.environment:create_file_with_runtime_dependencies(/home/thibaut/Documents/bimanual_mocap/bimanual_ws/install/bimanualrobot_description/share/colcon-core/packages/bimanualrobot_description)
[1.235s] INFO:colcon.colcon_ros.task.ament_cmake.build:Building ROS package in '/home/thibaut/Documents/bimanual_mocap/bimanual_ws/src/bimanualrobot_ros2/bimanualrobot_drumstick_moveit_config' with build type 'ament_cmake'
[1.235s] INFO:colcon.colcon_cmake.task.cmake.build:Building CMake package in '/home/thibaut/Documents/bimanual_mocap/bimanual_ws/src/bimanualrobot_ros2/bimanualrobot_drumstick_moveit_config'
[1.235s] INFO:colcon.colcon_core.shell:Skip shell extension 'powershell' for command environment: Not usable outside of PowerShell
[1.235s] DEBUG:colcon.colcon_core.shell:Skip shell extension 'dsv' for command environment
[1.240s] DEBUG:colcon.colcon_core.event_handler.log_command:Invoking command in '/home/thibaut/Documents/bimanual_mocap/bimanual_ws/build/bimanualrobot_drumstick_moveit_config': AMENT_PREFIX_PATH=/home/thibaut/Documents/bimanual_mocap/bimanual_ws/install/bimanualrobot_description:${AMENT_PREFIX_PATH} CMAKE_PREFIX_PATH=/home/thibaut/Documents/bimanual_mocap/bimanual_ws/install/bimanualrobot_description:/opt/ros/jazzy/opt/gz_sim_vendor:/opt/ros/jazzy/opt/gz_sensors_vendor:/opt/ros/jazzy/opt/gz_physics_vendor:/opt/ros/jazzy/opt/sdformat_vendor:/opt/ros/jazzy/opt/gz_gui_vendor:/opt/ros/jazzy/opt/gz_transport_vendor:/opt/ros/jazzy/opt/gz_rendering_vendor:/opt/ros/jazzy/opt/gz_plugin_vendor:/opt/ros/jazzy/opt/gz_fuel_tools_vendor:/opt/ros/jazzy/opt/gz_msgs_vendor:/opt/ros/jazzy/opt/gz_common_vendor:/opt/ros/jazzy/opt/gz_math_vendor:/opt/ros/jazzy/opt/gz_utils_vendor:/opt/ros/jazzy/opt/gz_tools_vendor:/opt/ros/jazzy/opt/gz_ogre_next_vendor:/opt/ros/jazzy/opt/gz_dartsim_vendor:/opt/ros/jazzy/opt/gz_cmake_vendor:/opt/ros/jazzy DEBUGINFOD_URLS=https://debuginfod.ubuntu.com /usr/bin/cmake /home/thibaut/Documents/bimanual_mocap/bimanual_ws/src/bimanualrobot_ros2/bimanualrobot_drumstick_moveit_config -DAMENT_CMAKE_SYMLINK_INSTALL=1 -DCMAKE_INSTALL_PREFIX=/home/thibaut/Documents/bimanual_mocap/bimanual_ws/install/bimanualrobot_drumstick_moveit_config
[1.729s] DEBUG:colcon.colcon_core.event_handler.log_command:Invoked command in '/home/thibaut/Documents/bimanual_mocap/bimanual_ws/build/bimanualrobot_drumstick_moveit_config' returned '0': AMENT_PREFIX_PATH=/home/thibaut/Documents/bimanual_mocap/bimanual_ws/install/bimanualrobot_description:${AMENT_PREFIX_PATH} CMAKE_PREFIX_PATH=/home/thibaut/Documents/bimanual_mocap/bimanual_ws/install/bimanualrobot_description:/opt/ros/jazzy/opt/gz_sim_vendor:/opt/ros/jazzy/opt/gz_sensors_vendor:/opt/ros/jazzy/opt/gz_physics_vendor:/opt/ros/jazzy/opt/sdformat_vendor:/opt/ros/jazzy/opt/gz_gui_vendor:/opt/ros/jazzy/opt/gz_transport_vendor:/opt/ros/jazzy/opt/gz_rendering_vendor:/opt/ros/jazzy/opt/gz_plugin_vendor:/opt/ros/jazzy/opt/gz_fuel_tools_vendor:/opt/ros/jazzy/opt/gz_msgs_vendor:/opt/ros/jazzy/opt/gz_common_vendor:/opt/ros/jazzy/opt/gz_math_vendor:/opt/ros/jazzy/opt/gz_utils_vendor:/opt/ros/jazzy/opt/gz_tools_vendor:/opt/ros/jazzy/opt/gz_ogre_next_vendor:/opt/ros/jazzy/opt/gz_dartsim_vendor:/opt/ros/jazzy/opt/gz_cmake_vendor:/opt/ros/jazzy DEBUGINFOD_URLS=https://debuginfod.ubuntu.com /usr/bin/cmake /home/thibaut/Documents/bimanual_mocap/bimanual_ws/src/bimanualrobot_ros2/bimanualrobot_drumstick_moveit_config -DAMENT_CMAKE_SYMLINK_INSTALL=1 -DCMAKE_INSTALL_PREFIX=/home/thibaut/Documents/bimanual_mocap/bimanual_ws/install/bimanualrobot_drumstick_moveit_config
[1.729s] DEBUG:colcon.colcon_core.event_handler.log_command:Invoking command in '/home/thibaut/Documents/bimanual_mocap/bimanual_ws/build/bimanualrobot_drumstick_moveit_config': AMENT_PREFIX_PATH=/home/thibaut/Documents/bimanual_mocap/bimanual_ws/install/bimanualrobot_description:${AMENT_PREFIX_PATH} CMAKE_PREFIX_PATH=/home/thibaut/Documents/bimanual_mocap/bimanual_ws/install/bimanualrobot_description:/opt/ros/jazzy/opt/gz_sim_vendor:/opt/ros/jazzy/opt/gz_sensors_vendor:/opt/ros/jazzy/opt/gz_physics_vendor:/opt/ros/jazzy/opt/sdformat_vendor:/opt/ros/jazzy/opt/gz_gui_vendor:/opt/ros/jazzy/opt/gz_transport_vendor:/opt/ros/jazzy/opt/gz_rendering_vendor:/opt/ros/jazzy/opt/gz_plugin_vendor:/opt/ros/jazzy/opt/gz_fuel_tools_vendor:/opt/ros/jazzy/opt/gz_msgs_vendor:/opt/ros/jazzy/opt/gz_common_vendor:/opt/ros/jazzy/opt/gz_math_vendor:/opt/ros/jazzy/opt/gz_utils_vendor:/opt/ros/jazzy/opt/gz_tools_vendor:/opt/ros/jazzy/opt/gz_ogre_next_vendor:/opt/ros/jazzy/opt/gz_dartsim_vendor:/opt/ros/jazzy/opt/gz_cmake_vendor:/opt/ros/jazzy DEBUGINFOD_URLS=https://debuginfod.ubuntu.com /usr/bin/cmake --build /home/thibaut/Documents/bimanual_mocap/bimanual_ws/build/bimanualrobot_drumstick_moveit_config -- -j6 -l6
[1.751s] DEBUG:colcon.colcon_core.event_handler.log_command:Invoked command in '/home/thibaut/Documents/bimanual_mocap/bimanual_ws/build/bimanualrobot_drumstick_moveit_config' returned '0': AMENT_PREFIX_PATH=/home/thibaut/Documents/bimanual_mocap/bimanual_ws/install/bimanualrobot_description:${AMENT_PREFIX_PATH} CMAKE_PREFIX_PATH=/home/thibaut/Documents/bimanual_mocap/bimanual_ws/install/bimanualrobot_description:/opt/ros/jazzy/opt/gz_sim_vendor:/opt/ros/jazzy/opt/gz_sensors_vendor:/opt/ros/jazzy/opt/gz_physics_vendor:/opt/ros/jazzy/opt/sdformat_vendor:/opt/ros/jazzy/opt/gz_gui_vendor:/opt/ros/jazzy/opt/gz_transport_vendor:/opt/ros/jazzy/opt/gz_rendering_vendor:/opt/ros/jazzy/opt/gz_plugin_vendor:/opt/ros/jazzy/opt/gz_fuel_tools_vendor:/opt/ros/jazzy/opt/gz_msgs_vendor:/opt/ros/jazzy/opt/gz_common_vendor:/opt/ros/jazzy/opt/gz_math_vendor:/opt/ros/jazzy/opt/gz_utils_vendor:/opt/ros/jazzy/opt/gz_tools_vendor:/opt/ros/jazzy/opt/gz_ogre_next_vendor:/opt/ros/jazzy/opt/gz_dartsim_vendor:/opt/ros/jazzy/opt/gz_cmake_vendor:/opt/ros/jazzy DEBUGINFOD_URLS=https://debuginfod.ubuntu.com /usr/bin/cmake --build /home/thibaut/Documents/bimanual_mocap/bimanual_ws/build/bimanualrobot_drumstick_moveit_config -- -j6 -l6
[1.752s] DEBUG:colcon.colcon_core.event_handler.log_command:Invoking command in '/home/thibaut/Documents/bimanual_mocap/bimanual_ws/build/bimanualrobot_drumstick_moveit_config': AMENT_PREFIX_PATH=/home/thibaut/Documents/bimanual_mocap/bimanual_ws/install/bimanualrobot_description:${AMENT_PREFIX_PATH} CMAKE_PREFIX_PATH=/home/thibaut/Documents/bimanual_mocap/bimanual_ws/install/bimanualrobot_description:/opt/ros/jazzy/opt/gz_sim_vendor:/opt/ros/jazzy/opt/gz_sensors_vendor:/opt/ros/jazzy/opt/gz_physics_vendor:/opt/ros/jazzy/opt/sdformat_vendor:/opt/ros/jazzy/opt/gz_gui_vendor:/opt/ros/jazzy/opt/gz_transport_vendor:/opt/ros/jazzy/opt/gz_rendering_vendor:/opt/ros/jazzy/opt/gz_plugin_vendor:/opt/ros/jazzy/opt/gz_fuel_tools_vendor:/opt/ros/jazzy/opt/gz_msgs_vendor:/opt/ros/jazzy/opt/gz_common_vendor:/opt/ros/jazzy/opt/gz_math_vendor:/opt/ros/jazzy/opt/gz_utils_vendor:/opt/ros/jazzy/opt/gz_tools_vendor:/opt/ros/jazzy/opt/gz_ogre_next_vendor:/opt/ros/jazzy/opt/gz_dartsim_vendor:/opt/ros/jazzy/opt/gz_cmake_vendor:/opt/ros/jazzy DEBUGINFOD_URLS=https://debuginfod.ubuntu.com /usr/bin/cmake --install /home/thibaut/Documents/bimanual_mocap/bimanual_ws/build/bimanualrobot_drumstick_moveit_config
[1.960s] Level 1:colcon.colcon_core.environment:create_environment_scripts_only(bimanualrobot_drumstick_moveit_config)
[1.960s] Level 1:colcon.colcon_core.environment:checking '/home/thibaut/Documents/bimanual_mocap/bimanual_ws/install/bimanualrobot_drumstick_moveit_config' for CMake module files
[1.961s] Level 1:colcon.colcon_core.environment:checking '/home/thibaut/Documents/bimanual_mocap/bimanual_ws/install/bimanualrobot_drumstick_moveit_config' for CMake config files
[1.961s] Level 1:colcon.colcon_core.shell:create_environment_hook('bimanualrobot_drumstick_moveit_config', 'cmake_prefix_path')
[1.961s] INFO:colcon.colcon_core.shell:Creating environment hook '/home/thibaut/Documents/bimanual_mocap/bimanual_ws/install/bimanualrobot_drumstick_moveit_config/share/bimanualrobot_drumstick_moveit_config/hook/cmake_prefix_path.ps1'
[1.961s] DEBUG:colcon.colcon_core.event_handler.log_command:Invoked command in '/home/thibaut/Documents/bimanual_mocap/bimanual_ws/build/bimanualrobot_drumstick_moveit_config' returned '0': AMENT_PREFIX_PATH=/home/thibaut/Documents/bimanual_mocap/bimanual_ws/install/bimanualrobot_description:${AMENT_PREFIX_PATH} CMAKE_PREFIX_PATH=/home/thibaut/Documents/bimanual_mocap/bimanual_ws/install/bimanualrobot_description:/opt/ros/jazzy/opt/gz_sim_vendor:/opt/ros/jazzy/opt/gz_sensors_vendor:/opt/ros/jazzy/opt/gz_physics_vendor:/opt/ros/jazzy/opt/sdformat_vendor:/opt/ros/jazzy/opt/gz_gui_vendor:/opt/ros/jazzy/opt/gz_transport_vendor:/opt/ros/jazzy/opt/gz_rendering_vendor:/opt/ros/jazzy/opt/gz_plugin_vendor:/opt/ros/jazzy/opt/gz_fuel_tools_vendor:/opt/ros/jazzy/opt/gz_msgs_vendor:/opt/ros/jazzy/opt/gz_common_vendor:/opt/ros/jazzy/opt/gz_math_vendor:/opt/ros/jazzy/opt/gz_utils_vendor:/opt/ros/jazzy/opt/gz_tools_vendor:/opt/ros/jazzy/opt/gz_ogre_next_vendor:/opt/ros/jazzy/opt/gz_dartsim_vendor:/opt/ros/jazzy/opt/gz_cmake_vendor:/opt/ros/jazzy DEBUGINFOD_URLS=https://debuginfod.ubuntu.com /usr/bin/cmake --install /home/thibaut/Documents/bimanual_mocap/bimanual_ws/build/bimanualrobot_drumstick_moveit_config
[1.961s] INFO:colcon.colcon_core.shell:Creating environment descriptor '/home/thibaut/Documents/bimanual_mocap/bimanual_ws/install/bimanualrobot_drumstick_moveit_config/share/bimanualrobot_drumstick_moveit_config/hook/cmake_prefix_path.dsv'
[1.962s] INFO:colcon.colcon_core.shell:Creating environment hook '/home/thibaut/Documents/bimanual_mocap/bimanual_ws/install/bimanualrobot_drumstick_moveit_config/share/bimanualrobot_drumstick_moveit_config/hook/cmake_prefix_path.sh'
[1.962s] Level 1:colcon.colcon_core.environment:checking '/home/thibaut/Documents/bimanual_mocap/bimanual_ws/install/bimanualrobot_drumstick_moveit_config/lib'
[1.962s] Level 1:colcon.colcon_core.environment:checking '/home/thibaut/Documents/bimanual_mocap/bimanual_ws/install/bimanualrobot_drumstick_moveit_config/bin'
[1.962s] Level 1:colcon.colcon_core.environment:checking '/home/thibaut/Documents/bimanual_mocap/bimanual_ws/install/bimanualrobot_drumstick_moveit_config/lib/pkgconfig/bimanualrobot_drumstick_moveit_config.pc'
[1.962s] Level 1:colcon.colcon_core.environment:checking '/home/thibaut/Documents/bimanual_mocap/bimanual_ws/install/bimanualrobot_drumstick_moveit_config/lib/python3.12/site-packages'
[1.962s] Level 1:colcon.colcon_core.environment:checking '/home/thibaut/Documents/bimanual_mocap/bimanual_ws/install/bimanualrobot_drumstick_moveit_config/bin'
[1.962s] INFO:colcon.colcon_core.shell:Creating package script '/home/thibaut/Documents/bimanual_mocap/bimanual_ws/install/bimanualrobot_drumstick_moveit_config/share/bimanualrobot_drumstick_moveit_config/package.ps1'
[1.962s] INFO:colcon.colcon_core.shell:Creating package descriptor '/home/thibaut/Documents/bimanual_mocap/bimanual_ws/install/bimanualrobot_drumstick_moveit_config/share/bimanualrobot_drumstick_moveit_config/package.dsv'
[1.963s] INFO:colcon.colcon_core.shell:Creating package script '/home/thibaut/Documents/bimanual_mocap/bimanual_ws/install/bimanualrobot_drumstick_moveit_config/share/bimanualrobot_drumstick_moveit_config/package.sh'
[1.963s] INFO:colcon.colcon_core.shell:Creating package script '/home/thibaut/Documents/bimanual_mocap/bimanual_ws/install/bimanualrobot_drumstick_moveit_config/share/bimanualrobot_drumstick_moveit_config/package.bash'
[1.963s] INFO:colcon.colcon_core.shell:Creating package script '/home/thibaut/Documents/bimanual_mocap/bimanual_ws/install/bimanualrobot_drumstick_moveit_config/share/bimanualrobot_drumstick_moveit_config/package.zsh'
[1.963s] Level 1:colcon.colcon_core.environment:create_file_with_runtime_dependencies(/home/thibaut/Documents/bimanual_mocap/bimanual_ws/install/bimanualrobot_drumstick_moveit_config/share/colcon-core/packages/bimanualrobot_drumstick_moveit_config)
[1.963s] Level 1:colcon.colcon_core.environment:create_environment_scripts_only(bimanualrobot_drumstick_moveit_config)
[1.963s] Level 1:colcon.colcon_core.environment:checking '/home/thibaut/Documents/bimanual_mocap/bimanual_ws/install/bimanualrobot_drumstick_moveit_config' for CMake module files
[1.964s] Level 1:colcon.colcon_core.environment:checking '/home/thibaut/Documents/bimanual_mocap/bimanual_ws/install/bimanualrobot_drumstick_moveit_config' for CMake config files
[1.964s] Level 1:colcon.colcon_core.shell:create_environment_hook('bimanualrobot_drumstick_moveit_config', 'cmake_prefix_path')
[1.964s] INFO:colcon.colcon_core.shell:Creating environment hook '/home/thibaut/Documents/bimanual_mocap/bimanual_ws/install/bimanualrobot_drumstick_moveit_config/share/bimanualrobot_drumstick_moveit_config/hook/cmake_prefix_path.ps1'
[1.964s] INFO:colcon.colcon_core.shell:Creating environment descriptor '/home/thibaut/Documents/bimanual_mocap/bimanual_ws/install/bimanualrobot_drumstick_moveit_config/share/bimanualrobot_drumstick_moveit_config/hook/cmake_prefix_path.dsv'
[1.964s] INFO:colcon.colcon_core.shell:Creating environment hook '/home/thibaut/Documents/bimanual_mocap/bimanual_ws/install/bimanualrobot_drumstick_moveit_config/share/bimanualrobot_drumstick_moveit_config/hook/cmake_prefix_path.sh'
[1.965s] Level 1:colcon.colcon_core.environment:checking '/home/thibaut/Documents/bimanual_mocap/bimanual_ws/install/bimanualrobot_drumstick_moveit_config/lib'
[1.965s] Level 1:colcon.colcon_core.environment:checking '/home/thibaut/Documents/bimanual_mocap/bimanual_ws/install/bimanualrobot_drumstick_moveit_config/bin'
[1.965s] Level 1:colcon.colcon_core.environment:checking '/home/thibaut/Documents/bimanual_mocap/bimanual_ws/install/bimanualrobot_drumstick_moveit_config/lib/pkgconfig/bimanualrobot_drumstick_moveit_config.pc'
[1.965s] Level 1:colcon.colcon_core.environment:checking '/home/thibaut/Documents/bimanual_mocap/bimanual_ws/install/bimanualrobot_drumstick_moveit_config/lib/python3.12/site-packages'
[1.965s] Level 1:colcon.colcon_core.environment:checking '/home/thibaut/Documents/bimanual_mocap/bimanual_ws/install/bimanualrobot_drumstick_moveit_config/bin'
[1.965s] INFO:colcon.colcon_core.shell:Creating package script '/home/thibaut/Documents/bimanual_mocap/bimanual_ws/install/bimanualrobot_drumstick_moveit_config/share/bimanualrobot_drumstick_moveit_config/package.ps1'
[1.965s] INFO:colcon.colcon_core.shell:Creating package descriptor '/home/thibaut/Documents/bimanual_mocap/bimanual_ws/install/bimanualrobot_drumstick_moveit_config/share/bimanualrobot_drumstick_moveit_config/package.dsv'
[1.965s] INFO:colcon.colcon_core.shell:Creating package script '/home/thibaut/Documents/bimanual_mocap/bimanual_ws/install/bimanualrobot_drumstick_moveit_config/share/bimanualrobot_drumstick_moveit_config/package.sh'
[1.966s] INFO:colcon.colcon_core.shell:Creating package script '/home/thibaut/Documents/bimanual_mocap/bimanual_ws/install/bimanualrobot_drumstick_moveit_config/share/bimanualrobot_drumstick_moveit_config/package.bash'
[1.966s] INFO:colcon.colcon_core.shell:Creating package script '/home/thibaut/Documents/bimanual_mocap/bimanual_ws/install/bimanualrobot_drumstick_moveit_config/share/bimanualrobot_drumstick_moveit_config/package.zsh'
[1.966s] Level 1:colcon.colcon_core.environment:create_file_with_runtime_dependencies(/home/thibaut/Documents/bimanual_mocap/bimanual_ws/install/bimanualrobot_drumstick_moveit_config/share/colcon-core/packages/bimanualrobot_drumstick_moveit_config)
[2.286s] DEBUG:colcon.colcon_core.event_handler.log_command:Invoked command in '/home/thibaut/Documents/bimanual_mocap/bimanual_ws/build/bimanualrobot_moveit_config' returned '0': CMAKE_PREFIX_PATH=${CMAKE_PREFIX_PATH}:/opt/ros/jazzy DEBUGINFOD_URLS=https://debuginfod.ubuntu.com /usr/bin/cmake /home/thibaut/Documents/bimanual_mocap/bimanual_ws/src/bimanualrobot_ros2/bimanualrobot_moveit_config -DAMENT_CMAKE_SYMLINK_INSTALL=1 -DCMAKE_INSTALL_PREFIX=/home/thibaut/Documents/bimanual_mocap/bimanual_ws/install/bimanualrobot_moveit_config
[2.287s] DEBUG:colcon.colcon_core.event_handler.log_command:Invoking command in '/home/thibaut/Documents/bimanual_mocap/bimanual_ws/build/bimanualrobot_moveit_config': CMAKE_PREFIX_PATH=${CMAKE_PREFIX_PATH}:/opt/ros/jazzy DEBUGINFOD_URLS=https://debuginfod.ubuntu.com /usr/bin/cmake --build /home/thibaut/Documents/bimanual_mocap/bimanual_ws/build/bimanualrobot_moveit_config -- -j6 -l6
[2.312s] DEBUG:colcon.colcon_core.event_handler.log_command:Invoked command in '/home/thibaut/Documents/bimanual_mocap/bimanual_ws/build/bimanualrobot_moveit_config' returned '0': CMAKE_PREFIX_PATH=${CMAKE_PREFIX_PATH}:/opt/ros/jazzy DEBUGINFOD_URLS=https://debuginfod.ubuntu.com /usr/bin/cmake --build /home/thibaut/Documents/bimanual_mocap/bimanual_ws/build/bimanualrobot_moveit_config -- -j6 -l6
[2.313s] DEBUG:colcon.colcon_core.event_handler.log_command:Invoking command in '/home/thibaut/Documents/bimanual_mocap/bimanual_ws/build/bimanualrobot_moveit_config': CMAKE_PREFIX_PATH=${CMAKE_PREFIX_PATH}:/opt/ros/jazzy DEBUGINFOD_URLS=https://debuginfod.ubuntu.com /usr/bin/cmake --install /home/thibaut/Documents/bimanual_mocap/bimanual_ws/build/bimanualrobot_moveit_config
[2.421s] DEBUG:colcon.colcon_core.event_handler.log_command:Invoked command in '/home/thibaut/Documents/bimanual_mocap/bimanual_ws/build/bimanualrobot_gazebo' returned '0': CMAKE_PREFIX_PATH=${CMAKE_PREFIX_PATH}:/opt/ros/jazzy DEBUGINFOD_URLS=https://debuginfod.ubuntu.com /usr/bin/cmake /home/thibaut/Documents/bimanual_mocap/bimanual_ws/src/bimanualrobot_ros2/bimanualrobot_gazebo -DAMENT_CMAKE_SYMLINK_INSTALL=1 -DCMAKE_INSTALL_PREFIX=/home/thibaut/Documents/bimanual_mocap/bimanual_ws/install/bimanualrobot_gazebo
[2.422s] DEBUG:colcon.colcon_core.event_handler.log_command:Invoking command in '/home/thibaut/Documents/bimanual_mocap/bimanual_ws/build/bimanualrobot_gazebo': CMAKE_PREFIX_PATH=${CMAKE_PREFIX_PATH}:/opt/ros/jazzy DEBUGINFOD_URLS=https://debuginfod.ubuntu.com /usr/bin/cmake --build /home/thibaut/Documents/bimanual_mocap/bimanual_ws/build/bimanualrobot_gazebo -- -j6 -l6
[2.449s] Level 1:colcon.colcon_core.environment:create_environment_scripts_only(bimanualrobot_system_tests)
[2.449s] Level 1:colcon.colcon_core.environment:checking '/home/thibaut/Documents/bimanual_mocap/bimanual_ws/install/bimanualrobot_system_tests' for CMake module files
[2.449s] DEBUG:colcon.colcon_core.event_handler.log_command:Invoked command in '/home/thibaut/Documents/bimanual_mocap/bimanual_ws/build/bimanualrobot_system_tests' returned '0': CMAKE_PREFIX_PATH=${CMAKE_PREFIX_PATH}:/opt/ros/jazzy DEBUGINFOD_URLS=https://debuginfod.ubuntu.com /usr/bin/cmake --install /home/thibaut/Documents/bimanual_mocap/bimanual_ws/build/bimanualrobot_system_tests
[2.450s] Level 1:colcon.colcon_core.environment:checking '/home/thibaut/Documents/bimanual_mocap/bimanual_ws/install/bimanualrobot_system_tests' for CMake config files
[2.451s] Level 1:colcon.colcon_core.shell:create_environment_hook('bimanualrobot_system_tests', 'cmake_prefix_path')
[2.451s] INFO:colcon.colcon_core.shell:Creating environment hook '/home/thibaut/Documents/bimanual_mocap/bimanual_ws/install/bimanualrobot_system_tests/share/bimanualrobot_system_tests/hook/cmake_prefix_path.ps1'
[2.451s] INFO:colcon.colcon_core.shell:Creating environment descriptor '/home/thibaut/Documents/bimanual_mocap/bimanual_ws/install/bimanualrobot_system_tests/share/bimanualrobot_system_tests/hook/cmake_prefix_path.dsv'
[2.451s] INFO:colcon.colcon_core.shell:Creating environment hook '/home/thibaut/Documents/bimanual_mocap/bimanual_ws/install/bimanualrobot_system_tests/share/bimanualrobot_system_tests/hook/cmake_prefix_path.sh'
[2.451s] Level 1:colcon.colcon_core.environment:checking '/home/thibaut/Documents/bimanual_mocap/bimanual_ws/install/bimanualrobot_system_tests/lib'
[2.451s] Level 1:colcon.colcon_core.environment:checking '/home/thibaut/Documents/bimanual_mocap/bimanual_ws/install/bimanualrobot_system_tests/bin'
[2.451s] Level 1:colcon.colcon_core.environment:checking '/home/thibaut/Documents/bimanual_mocap/bimanual_ws/install/bimanualrobot_system_tests/lib/pkgconfig/bimanualrobot_system_tests.pc'
[2.451s] Level 1:colcon.colcon_core.environment:checking '/home/thibaut/Documents/bimanual_mocap/bimanual_ws/install/bimanualrobot_system_tests/lib/python3.12/site-packages'
[2.452s] Level 1:colcon.colcon_core.environment:checking '/home/thibaut/Documents/bimanual_mocap/bimanual_ws/install/bimanualrobot_system_tests/bin'
[2.452s] INFO:colcon.colcon_core.shell:Creating package script '/home/thibaut/Documents/bimanual_mocap/bimanual_ws/install/bimanualrobot_system_tests/share/bimanualrobot_system_tests/package.ps1'
[2.452s] INFO:colcon.colcon_core.shell:Creating package descriptor '/home/thibaut/Documents/bimanual_mocap/bimanual_ws/install/bimanualrobot_system_tests/share/bimanualrobot_system_tests/package.dsv'
[2.452s] INFO:colcon.colcon_core.shell:Creating package script '/home/thibaut/Documents/bimanual_mocap/bimanual_ws/install/bimanualrobot_system_tests/share/bimanualrobot_system_tests/package.sh'
[2.452s] INFO:colcon.colcon_core.shell:Creating package script '/home/thibaut/Documents/bimanual_mocap/bimanual_ws/install/bimanualrobot_system_tests/share/bimanualrobot_system_tests/package.bash'
[2.452s] INFO:colcon.colcon_core.shell:Creating package script '/home/thibaut/Documents/bimanual_mocap/bimanual_ws/install/bimanualrobot_system_tests/share/bimanualrobot_system_tests/package.zsh'
[2.452s] Level 1:colcon.colcon_core.environment:create_file_with_runtime_dependencies(/home/thibaut/Documents/bimanual_mocap/bimanual_ws/install/bimanualrobot_system_tests/share/colcon-core/packages/bimanualrobot_system_tests)
[2.452s] Level 1:colcon.colcon_core.environment:create_environment_scripts_only(bimanualrobot_system_tests)
[2.453s] Level 1:colcon.colcon_core.environment:checking '/home/thibaut/Documents/bimanual_mocap/bimanual_ws/install/bimanualrobot_system_tests' for CMake module files
[2.453s] Level 1:colcon.colcon_core.environment:checking '/home/thibaut/Documents/bimanual_mocap/bimanual_ws/install/bimanualrobot_system_tests' for CMake config files
[2.454s] Level 1:colcon.colcon_core.shell:create_environment_hook('bimanualrobot_system_tests', 'cmake_prefix_path')
[2.454s] INFO:colcon.colcon_core.shell:Creating environment hook '/home/thibaut/Documents/bimanual_mocap/bimanual_ws/install/bimanualrobot_system_tests/share/bimanualrobot_system_tests/hook/cmake_prefix_path.ps1'
[2.454s] INFO:colcon.colcon_core.shell:Creating environment descriptor '/home/thibaut/Documents/bimanual_mocap/bimanual_ws/install/bimanualrobot_system_tests/share/bimanualrobot_system_tests/hook/cmake_prefix_path.dsv'
[2.454s] INFO:colcon.colcon_core.shell:Creating environment hook '/home/thibaut/Documents/bimanual_mocap/bimanual_ws/install/bimanualrobot_system_tests/share/bimanualrobot_system_tests/hook/cmake_prefix_path.sh'
[2.454s] Level 1:colcon.colcon_core.environment:checking '/home/thibaut/Documents/bimanual_mocap/bimanual_ws/install/bimanualrobot_system_tests/lib'
[2.454s] Level 1:colcon.colcon_core.environment:checking '/home/thibaut/Documents/bimanual_mocap/bimanual_ws/install/bimanualrobot_system_tests/bin'
[2.454s] Level 1:colcon.colcon_core.environment:checking '/home/thibaut/Documents/bimanual_mocap/bimanual_ws/install/bimanualrobot_system_tests/lib/pkgconfig/bimanualrobot_system_tests.pc'
[2.454s] Level 1:colcon.colcon_core.environment:checking '/home/thibaut/Documents/bimanual_mocap/bimanual_ws/install/bimanualrobot_system_tests/lib/python3.12/site-packages'
[2.455s] Level 1:colcon.colcon_core.environment:checking '/home/thibaut/Documents/bimanual_mocap/bimanual_ws/install/bimanualrobot_system_tests/bin'
[2.455s] INFO:colcon.colcon_core.shell:Creating package script '/home/thibaut/Documents/bimanual_mocap/bimanual_ws/install/bimanualrobot_system_tests/share/bimanualrobot_system_tests/package.ps1'
[2.455s] INFO:colcon.colcon_core.shell:Creating package descriptor '/home/thibaut/Documents/bimanual_mocap/bimanual_ws/install/bimanualrobot_system_tests/share/bimanualrobot_system_tests/package.dsv'
[2.455s] INFO:colcon.colcon_core.shell:Creating package script '/home/thibaut/Documents/bimanual_mocap/bimanual_ws/install/bimanualrobot_system_tests/share/bimanualrobot_system_tests/package.sh'
[2.455s] INFO:colcon.colcon_core.shell:Creating package script '/home/thibaut/Documents/bimanual_mocap/bimanual_ws/install/bimanualrobot_system_tests/share/bimanualrobot_system_tests/package.bash'
[2.455s] INFO:colcon.colcon_core.shell:Creating package script '/home/thibaut/Documents/bimanual_mocap/bimanual_ws/install/bimanualrobot_system_tests/share/bimanualrobot_system_tests/package.zsh'
[2.455s] Level 1:colcon.colcon_core.environment:create_file_with_runtime_dependencies(/home/thibaut/Documents/bimanual_mocap/bimanual_ws/install/bimanualrobot_system_tests/share/colcon-core/packages/bimanualrobot_system_tests)
[2.465s] Level 1:colcon.colcon_core.environment:create_environment_scripts_only(bimanualrobot_moveit_config)
[2.465s] DEBUG:colcon.colcon_core.event_handler.log_command:Invoked command in '/home/thibaut/Documents/bimanual_mocap/bimanual_ws/build/bimanualrobot_moveit_config' returned '0': CMAKE_PREFIX_PATH=${CMAKE_PREFIX_PATH}:/opt/ros/jazzy DEBUGINFOD_URLS=https://debuginfod.ubuntu.com /usr/bin/cmake --install /home/thibaut/Documents/bimanual_mocap/bimanual_ws/build/bimanualrobot_moveit_config
[2.465s] Level 1:colcon.colcon_core.environment:checking '/home/thibaut/Documents/bimanual_mocap/bimanual_ws/install/bimanualrobot_moveit_config' for CMake module files
[2.465s] Level 1:colcon.colcon_core.environment:checking '/home/thibaut/Documents/bimanual_mocap/bimanual_ws/install/bimanualrobot_moveit_config' for CMake config files
[2.466s] Level 1:colcon.colcon_core.shell:create_environment_hook('bimanualrobot_moveit_config', 'cmake_prefix_path')
[2.466s] INFO:colcon.colcon_core.shell:Creating environment hook '/home/thibaut/Documents/bimanual_mocap/bimanual_ws/install/bimanualrobot_moveit_config/share/bimanualrobot_moveit_config/hook/cmake_prefix_path.ps1'
[2.466s] INFO:colcon.colcon_core.shell:Creating environment descriptor '/home/thibaut/Documents/bimanual_mocap/bimanual_ws/install/bimanualrobot_moveit_config/share/bimanualrobot_moveit_config/hook/cmake_prefix_path.dsv'
[2.466s] INFO:colcon.colcon_core.shell:Creating environment hook '/home/thibaut/Documents/bimanual_mocap/bimanual_ws/install/bimanualrobot_moveit_config/share/bimanualrobot_moveit_config/hook/cmake_prefix_path.sh'
[2.466s] Level 1:colcon.colcon_core.environment:checking '/home/thibaut/Documents/bimanual_mocap/bimanual_ws/install/bimanualrobot_moveit_config/bin'
[2.466s] Level 1:colcon.colcon_core.environment:checking '/home/thibaut/Documents/bimanual_mocap/bimanual_ws/install/bimanualrobot_moveit_config/lib/pkgconfig/bimanualrobot_moveit_config.pc'
[2.466s] Level 1:colcon.colcon_core.environment:checking '/home/thibaut/Documents/bimanual_mocap/bimanual_ws/install/bimanualrobot_moveit_config/lib/python3.12/site-packages'
[2.467s] Level 1:colcon.colcon_core.environment:checking '/home/thibaut/Documents/bimanual_mocap/bimanual_ws/install/bimanualrobot_moveit_config/bin'
[2.467s] INFO:colcon.colcon_core.shell:Creating package script '/home/thibaut/Documents/bimanual_mocap/bimanual_ws/install/bimanualrobot_moveit_config/share/bimanualrobot_moveit_config/package.ps1'
[2.467s] INFO:colcon.colcon_core.shell:Creating package descriptor '/home/thibaut/Documents/bimanual_mocap/bimanual_ws/install/bimanualrobot_moveit_config/share/bimanualrobot_moveit_config/package.dsv'
[2.467s] INFO:colcon.colcon_core.shell:Creating package script '/home/thibaut/Documents/bimanual_mocap/bimanual_ws/install/bimanualrobot_moveit_config/share/bimanualrobot_moveit_config/package.sh'
[2.467s] INFO:colcon.colcon_core.shell:Creating package script '/home/thibaut/Documents/bimanual_mocap/bimanual_ws/install/bimanualrobot_moveit_config/share/bimanualrobot_moveit_config/package.bash'
[2.467s] INFO:colcon.colcon_core.shell:Creating package script '/home/thibaut/Documents/bimanual_mocap/bimanual_ws/install/bimanualrobot_moveit_config/share/bimanualrobot_moveit_config/package.zsh'
[2.467s] Level 1:colcon.colcon_core.environment:create_file_with_runtime_dependencies(/home/thibaut/Documents/bimanual_mocap/bimanual_ws/install/bimanualrobot_moveit_config/share/colcon-core/packages/bimanualrobot_moveit_config)
[2.468s] Level 1:colcon.colcon_core.environment:create_environment_scripts_only(bimanualrobot_moveit_config)
[2.468s] Level 1:colcon.colcon_core.environment:checking '/home/thibaut/Documents/bimanual_mocap/bimanual_ws/install/bimanualrobot_moveit_config' for CMake module files
[2.468s] Level 1:colcon.colcon_core.environment:checking '/home/thibaut/Documents/bimanual_mocap/bimanual_ws/install/bimanualrobot_moveit_config' for CMake config files
[2.468s] Level 1:colcon.colcon_core.shell:create_environment_hook('bimanualrobot_moveit_config', 'cmake_prefix_path')
[2.468s] INFO:colcon.colcon_core.shell:Creating environment hook '/home/thibaut/Documents/bimanual_mocap/bimanual_ws/install/bimanualrobot_moveit_config/share/bimanualrobot_moveit_config/hook/cmake_prefix_path.ps1'
[2.468s] INFO:colcon.colcon_core.shell:Creating environment descriptor '/home/thibaut/Documents/bimanual_mocap/bimanual_ws/install/bimanualrobot_moveit_config/share/bimanualrobot_moveit_config/hook/cmake_prefix_path.dsv'
[2.468s] INFO:colcon.colcon_core.shell:Creating environment hook '/home/thibaut/Documents/bimanual_mocap/bimanual_ws/install/bimanualrobot_moveit_config/share/bimanualrobot_moveit_config/hook/cmake_prefix_path.sh'
[2.468s] Level 1:colcon.colcon_core.environment:checking '/home/thibaut/Documents/bimanual_mocap/bimanual_ws/install/bimanualrobot_moveit_config/bin'
[2.468s] Level 1:colcon.colcon_core.environment:checking '/home/thibaut/Documents/bimanual_mocap/bimanual_ws/install/bimanualrobot_moveit_config/lib/pkgconfig/bimanualrobot_moveit_config.pc'
[2.469s] Level 1:colcon.colcon_core.environment:checking '/home/thibaut/Documents/bimanual_mocap/bimanual_ws/install/bimanualrobot_moveit_config/lib/python3.12/site-packages'
[2.469s] Level 1:colcon.colcon_core.environment:checking '/home/thibaut/Documents/bimanual_mocap/bimanual_ws/install/bimanualrobot_moveit_config/bin'
[2.469s] INFO:colcon.colcon_core.shell:Creating package script '/home/thibaut/Documents/bimanual_mocap/bimanual_ws/install/bimanualrobot_moveit_config/share/bimanualrobot_moveit_config/package.ps1'
[2.469s] INFO:colcon.colcon_core.shell:Creating package descriptor '/home/thibaut/Documents/bimanual_mocap/bimanual_ws/install/bimanualrobot_moveit_config/share/bimanualrobot_moveit_config/package.dsv'
[2.469s] INFO:colcon.colcon_core.shell:Creating package script '/home/thibaut/Documents/bimanual_mocap/bimanual_ws/install/bimanualrobot_moveit_config/share/bimanualrobot_moveit_config/package.sh'
[2.469s] INFO:colcon.colcon_core.shell:Creating package script '/home/thibaut/Documents/bimanual_mocap/bimanual_ws/install/bimanualrobot_moveit_config/share/bimanualrobot_moveit_config/package.bash'
[2.469s] INFO:colcon.colcon_core.shell:Creating package script '/home/thibaut/Documents/bimanual_mocap/bimanual_ws/install/bimanualrobot_moveit_config/share/bimanualrobot_moveit_config/package.zsh'
[2.469s] Level 1:colcon.colcon_core.environment:create_file_with_runtime_dependencies(/home/thibaut/Documents/bimanual_mocap/bimanual_ws/install/bimanualrobot_moveit_config/share/colcon-core/packages/bimanualrobot_moveit_config)
[2.845s] DEBUG:colcon.colcon_core.event_handler.log_command:Invoked command in '/home/thibaut/Documents/bimanual_mocap/bimanual_ws/build/dynamixel_interfaces' returned '0': CMAKE_PREFIX_PATH=${CMAKE_PREFIX_PATH}:/opt/ros/jazzy DEBUGINFOD_URLS=https://debuginfod.ubuntu.com /usr/bin/cmake /home/thibaut/Documents/bimanual_mocap/bimanual_ws/src/dynamixel_interfaces -DAMENT_CMAKE_SYMLINK_INSTALL=1 -DCMAKE_INSTALL_PREFIX=/home/thibaut/Documents/bimanual_mocap/bimanual_ws/install/dynamixel_interfaces
[2.846s] DEBUG:colcon.colcon_core.event_handler.log_command:Invoking command in '/home/thibaut/Documents/bimanual_mocap/bimanual_ws/build/dynamixel_interfaces': CMAKE_PREFIX_PATH=${CMAKE_PREFIX_PATH}:/opt/ros/jazzy DEBUGINFOD_URLS=https://debuginfod.ubuntu.com /usr/bin/cmake --build /home/thibaut/Documents/bimanual_mocap/bimanual_ws/build/dynamixel_interfaces -- -j6 -l6
[6.181s] DEBUG:colcon.colcon_core.event_handler.log_command:Invoked command in '/home/thibaut/Documents/bimanual_mocap/bimanual_ws/build/dynamixel_interfaces' returned '0': CMAKE_PREFIX_PATH=${CMAKE_PREFIX_PATH}:/opt/ros/jazzy DEBUGINFOD_URLS=https://debuginfod.ubuntu.com /usr/bin/cmake --build /home/thibaut/Documents/bimanual_mocap/bimanual_ws/build/dynamixel_interfaces -- -j6 -l6
[6.184s] DEBUG:colcon.colcon_core.event_handler.log_command:Invoking command in '/home/thibaut/Documents/bimanual_mocap/bimanual_ws/build/dynamixel_interfaces': CMAKE_PREFIX_PATH=${CMAKE_PREFIX_PATH}:/opt/ros/jazzy DEBUGINFOD_URLS=https://debuginfod.ubuntu.com /usr/bin/cmake --install /home/thibaut/Documents/bimanual_mocap/bimanual_ws/build/dynamixel_interfaces
[6.220s] DEBUG:colcon.colcon_core.event_handler.log_command:Invoked command in '/home/thibaut/Documents/bimanual_mocap/bimanual_ws/build/bimanualrobot_gazebo' returned '0': CMAKE_PREFIX_PATH=${CMAKE_PREFIX_PATH}:/opt/ros/jazzy DEBUGINFOD_URLS=https://debuginfod.ubuntu.com /usr/bin/cmake --build /home/thibaut/Documents/bimanual_mocap/bimanual_ws/build/bimanualrobot_gazebo -- -j6 -l6
[6.221s] DEBUG:colcon.colcon_core.event_handler.log_command:Invoking command in '/home/thibaut/Documents/bimanual_mocap/bimanual_ws/build/bimanualrobot_gazebo': CMAKE_PREFIX_PATH=${CMAKE_PREFIX_PATH}:/opt/ros/jazzy DEBUGINFOD_URLS=https://debuginfod.ubuntu.com /usr/bin/cmake --install /home/thibaut/Documents/bimanual_mocap/bimanual_ws/build/bimanualrobot_gazebo
[6.329s] Level 1:colcon.colcon_core.environment:create_environment_scripts_only(bimanualrobot_gazebo)
[6.329s] Level 1:colcon.colcon_core.environment:checking '/home/thibaut/Documents/bimanual_mocap/bimanual_ws/install/bimanualrobot_gazebo' for CMake module files
[6.330s] DEBUG:colcon.colcon_core.event_handler.log_command:Invoked command in '/home/thibaut/Documents/bimanual_mocap/bimanual_ws/build/bimanualrobot_gazebo' returned '0': CMAKE_PREFIX_PATH=${CMAKE_PREFIX_PATH}:/opt/ros/jazzy DEBUGINFOD_URLS=https://debuginfod.ubuntu.com /usr/bin/cmake --install /home/thibaut/Documents/bimanual_mocap/bimanual_ws/build/bimanualrobot_gazebo
[6.330s] Level 1:colcon.colcon_core.environment:checking '/home/thibaut/Documents/bimanual_mocap/bimanual_ws/install/bimanualrobot_gazebo' for CMake config files
[6.330s] Level 1:colcon.colcon_core.shell:create_environment_hook('bimanualrobot_gazebo', 'cmake_prefix_path')
[6.330s] INFO:colcon.colcon_core.shell:Creating environment hook '/home/thibaut/Documents/bimanual_mocap/bimanual_ws/install/bimanualrobot_gazebo/share/bimanualrobot_gazebo/hook/cmake_prefix_path.ps1'
[6.331s] INFO:colcon.colcon_core.shell:Creating environment descriptor '/home/thibaut/Documents/bimanual_mocap/bimanual_ws/install/bimanualrobot_gazebo/share/bimanualrobot_gazebo/hook/cmake_prefix_path.dsv'
[6.331s] INFO:colcon.colcon_core.shell:Creating environment hook '/home/thibaut/Documents/bimanual_mocap/bimanual_ws/install/bimanualrobot_gazebo/share/bimanualrobot_gazebo/hook/cmake_prefix_path.sh'
[6.332s] Level 1:colcon.colcon_core.environment:checking '/home/thibaut/Documents/bimanual_mocap/bimanual_ws/install/bimanualrobot_gazebo/lib'
[6.332s] Level 1:colcon.colcon_core.shell:create_environment_hook('bimanualrobot_gazebo', 'ld_library_path_lib')
[6.332s] INFO:colcon.colcon_core.shell:Creating environment hook '/home/thibaut/Documents/bimanual_mocap/bimanual_ws/install/bimanualrobot_gazebo/share/bimanualrobot_gazebo/hook/ld_library_path_lib.ps1'
[6.332s] INFO:colcon.colcon_core.shell:Creating environment descriptor '/home/thibaut/Documents/bimanual_mocap/bimanual_ws/install/bimanualrobot_gazebo/share/bimanualrobot_gazebo/hook/ld_library_path_lib.dsv'
[6.332s] INFO:colcon.colcon_core.shell:Creating environment hook '/home/thibaut/Documents/bimanual_mocap/bimanual_ws/install/bimanualrobot_gazebo/share/bimanualrobot_gazebo/hook/ld_library_path_lib.sh'
[6.332s] Level 1:colcon.colcon_core.environment:checking '/home/thibaut/Documents/bimanual_mocap/bimanual_ws/install/bimanualrobot_gazebo/bin'
[6.332s] Level 1:colcon.colcon_core.environment:checking '/home/thibaut/Documents/bimanual_mocap/bimanual_ws/install/bimanualrobot_gazebo/lib/pkgconfig/bimanualrobot_gazebo.pc'
[6.333s] Level 1:colcon.colcon_core.environment:checking '/home/thibaut/Documents/bimanual_mocap/bimanual_ws/install/bimanualrobot_gazebo/lib/python3.12/site-packages'
[6.333s] Level 1:colcon.colcon_core.environment:checking '/home/thibaut/Documents/bimanual_mocap/bimanual_ws/install/bimanualrobot_gazebo/bin'
[6.333s] INFO:colcon.colcon_core.shell:Creating package script '/home/thibaut/Documents/bimanual_mocap/bimanual_ws/install/bimanualrobot_gazebo/share/bimanualrobot_gazebo/package.ps1'
[6.333s] INFO:colcon.colcon_core.shell:Creating package descriptor '/home/thibaut/Documents/bimanual_mocap/bimanual_ws/install/bimanualrobot_gazebo/share/bimanualrobot_gazebo/package.dsv'
[6.333s] INFO:colcon.colcon_core.shell:Creating package script '/home/thibaut/Documents/bimanual_mocap/bimanual_ws/install/bimanualrobot_gazebo/share/bimanualrobot_gazebo/package.sh'
[6.334s] INFO:colcon.colcon_core.shell:Creating package script '/home/thibaut/Documents/bimanual_mocap/bimanual_ws/install/bimanualrobot_gazebo/share/bimanualrobot_gazebo/package.bash'
[6.334s] INFO:colcon.colcon_core.shell:Creating package script '/home/thibaut/Documents/bimanual_mocap/bimanual_ws/install/bimanualrobot_gazebo/share/bimanualrobot_gazebo/package.zsh'
[6.334s] Level 1:colcon.colcon_core.environment:create_file_with_runtime_dependencies(/home/thibaut/Documents/bimanual_mocap/bimanual_ws/install/bimanualrobot_gazebo/share/colcon-core/packages/bimanualrobot_gazebo)
[6.334s] Level 1:colcon.colcon_core.environment:create_environment_scripts_only(bimanualrobot_gazebo)
[6.334s] Level 1:colcon.colcon_core.environment:checking '/home/thibaut/Documents/bimanual_mocap/bimanual_ws/install/bimanualrobot_gazebo' for CMake module files
[6.335s] Level 1:colcon.colcon_core.environment:checking '/home/thibaut/Documents/bimanual_mocap/bimanual_ws/install/bimanualrobot_gazebo' for CMake config files
[6.335s] Level 1:colcon.colcon_core.shell:create_environment_hook('bimanualrobot_gazebo', 'cmake_prefix_path')
[6.335s] INFO:colcon.colcon_core.shell:Creating environment hook '/home/thibaut/Documents/bimanual_mocap/bimanual_ws/install/bimanualrobot_gazebo/share/bimanualrobot_gazebo/hook/cmake_prefix_path.ps1'
[6.335s] INFO:colcon.colcon_core.shell:Creating environment descriptor '/home/thibaut/Documents/bimanual_mocap/bimanual_ws/install/bimanualrobot_gazebo/share/bimanualrobot_gazebo/hook/cmake_prefix_path.dsv'
[6.335s] INFO:colcon.colcon_core.shell:Creating environment hook '/home/thibaut/Documents/bimanual_mocap/bimanual_ws/install/bimanualrobot_gazebo/share/bimanualrobot_gazebo/hook/cmake_prefix_path.sh'
[6.336s] Level 1:colcon.colcon_core.environment:checking '/home/thibaut/Documents/bimanual_mocap/bimanual_ws/install/bimanualrobot_gazebo/lib'
[6.336s] Level 1:colcon.colcon_core.shell:create_environment_hook('bimanualrobot_gazebo', 'ld_library_path_lib')
[6.336s] INFO:colcon.colcon_core.shell:Creating environment hook '/home/thibaut/Documents/bimanual_mocap/bimanual_ws/install/bimanualrobot_gazebo/share/bimanualrobot_gazebo/hook/ld_library_path_lib.ps1'
[6.336s] INFO:colcon.colcon_core.shell:Creating environment descriptor '/home/thibaut/Documents/bimanual_mocap/bimanual_ws/install/bimanualrobot_gazebo/share/bimanualrobot_gazebo/hook/ld_library_path_lib.dsv'
[6.336s] INFO:colcon.colcon_core.shell:Creating environment hook '/home/thibaut/Documents/bimanual_mocap/bimanual_ws/install/bimanualrobot_gazebo/share/bimanualrobot_gazebo/hook/ld_library_path_lib.sh'
[6.336s] Level 1:colcon.colcon_core.environment:checking '/home/thibaut/Documents/bimanual_mocap/bimanual_ws/install/bimanualrobot_gazebo/bin'
[6.336s] Level 1:colcon.colcon_core.environment:checking '/home/thibaut/Documents/bimanual_mocap/bimanual_ws/install/bimanualrobot_gazebo/lib/pkgconfig/bimanualrobot_gazebo.pc'
[6.336s] Level 1:colcon.colcon_core.environment:checking '/home/thibaut/Documents/bimanual_mocap/bimanual_ws/install/bimanualrobot_gazebo/lib/python3.12/site-packages'
[6.336s] Level 1:colcon.colcon_core.environment:checking '/home/thibaut/Documents/bimanual_mocap/bimanual_ws/install/bimanualrobot_gazebo/bin'
[6.337s] INFO:colcon.colcon_core.shell:Creating package script '/home/thibaut/Documents/bimanual_mocap/bimanual_ws/install/bimanualrobot_gazebo/share/bimanualrobot_gazebo/package.ps1'
[6.337s] INFO:colcon.colcon_core.shell:Creating package descriptor '/home/thibaut/Documents/bimanual_mocap/bimanual_ws/install/bimanualrobot_gazebo/share/bimanualrobot_gazebo/package.dsv'
[6.337s] INFO:colcon.colcon_core.shell:Creating package script '/home/thibaut/Documents/bimanual_mocap/bimanual_ws/install/bimanualrobot_gazebo/share/bimanualrobot_gazebo/package.sh'
[6.337s] INFO:colcon.colcon_core.shell:Creating package script '/home/thibaut/Documents/bimanual_mocap/bimanual_ws/install/bimanualrobot_gazebo/share/bimanualrobot_gazebo/package.bash'
[6.337s] INFO:colcon.colcon_core.shell:Creating package script '/home/thibaut/Documents/bimanual_mocap/bimanual_ws/install/bimanualrobot_gazebo/share/bimanualrobot_gazebo/package.zsh'
[6.337s] Level 1:colcon.colcon_core.environment:create_file_with_runtime_dependencies(/home/thibaut/Documents/bimanual_mocap/bimanual_ws/install/bimanualrobot_gazebo/share/colcon-core/packages/bimanualrobot_gazebo)
[6.711s] Level 1:colcon.colcon_core.environment:create_environment_scripts_only(dynamixel_interfaces)
[6.711s] Level 1:colcon.colcon_core.environment:checking '/home/thibaut/Documents/bimanual_mocap/bimanual_ws/install/dynamixel_interfaces' for CMake module files
[6.712s] DEBUG:colcon.colcon_core.event_handler.log_command:Invoked command in '/home/thibaut/Documents/bimanual_mocap/bimanual_ws/build/dynamixel_interfaces' returned '0': CMAKE_PREFIX_PATH=${CMAKE_PREFIX_PATH}:/opt/ros/jazzy DEBUGINFOD_URLS=https://debuginfod.ubuntu.com /usr/bin/cmake --install /home/thibaut/Documents/bimanual_mocap/bimanual_ws/build/dynamixel_interfaces
[6.712s] Level 1:colcon.colcon_core.environment:checking '/home/thibaut/Documents/bimanual_mocap/bimanual_ws/install/dynamixel_interfaces' for CMake config files
[6.712s] Level 1:colcon.colcon_core.shell:create_environment_hook('dynamixel_interfaces', 'cmake_prefix_path')
[6.712s] INFO:colcon.colcon_core.shell:Creating environment hook '/home/thibaut/Documents/bimanual_mocap/bimanual_ws/install/dynamixel_interfaces/share/dynamixel_interfaces/hook/cmake_prefix_path.ps1'
[6.713s] INFO:colcon.colcon_core.shell:Creating environment descriptor '/home/thibaut/Documents/bimanual_mocap/bimanual_ws/install/dynamixel_interfaces/share/dynamixel_interfaces/hook/cmake_prefix_path.dsv'
[6.713s] INFO:colcon.colcon_core.shell:Creating environment hook '/home/thibaut/Documents/bimanual_mocap/bimanual_ws/install/dynamixel_interfaces/share/dynamixel_interfaces/hook/cmake_prefix_path.sh'
[6.713s] Level 1:colcon.colcon_core.environment:checking '/home/thibaut/Documents/bimanual_mocap/bimanual_ws/install/dynamixel_interfaces/lib'
[6.713s] Level 1:colcon.colcon_core.shell:create_environment_hook('dynamixel_interfaces', 'ld_library_path_lib')
[6.713s] INFO:colcon.colcon_core.shell:Creating environment hook '/home/thibaut/Documents/bimanual_mocap/bimanual_ws/install/dynamixel_interfaces/share/dynamixel_interfaces/hook/ld_library_path_lib.ps1'
[6.713s] INFO:colcon.colcon_core.shell:Creating environment descriptor '/home/thibaut/Documents/bimanual_mocap/bimanual_ws/install/dynamixel_interfaces/share/dynamixel_interfaces/hook/ld_library_path_lib.dsv'
[6.713s] INFO:colcon.colcon_core.shell:Creating environment hook '/home/thibaut/Documents/bimanual_mocap/bimanual_ws/install/dynamixel_interfaces/share/dynamixel_interfaces/hook/ld_library_path_lib.sh'
[6.713s] Level 1:colcon.colcon_core.environment:checking '/home/thibaut/Documents/bimanual_mocap/bimanual_ws/install/dynamixel_interfaces/bin'
[6.713s] Level 1:colcon.colcon_core.environment:checking '/home/thibaut/Documents/bimanual_mocap/bimanual_ws/install/dynamixel_interfaces/lib/pkgconfig/dynamixel_interfaces.pc'
[6.714s] Level 1:colcon.colcon_core.environment:checking '/home/thibaut/Documents/bimanual_mocap/bimanual_ws/install/dynamixel_interfaces/lib/python3.12/site-packages'
[6.714s] Level 1:colcon.colcon_core.shell:create_environment_hook('dynamixel_interfaces', 'pythonpath')
[6.714s] INFO:colcon.colcon_core.shell:Creating environment hook '/home/thibaut/Documents/bimanual_mocap/bimanual_ws/install/dynamixel_interfaces/share/dynamixel_interfaces/hook/pythonpath.ps1'
[6.714s] INFO:colcon.colcon_core.shell:Creating environment descriptor '/home/thibaut/Documents/bimanual_mocap/bimanual_ws/install/dynamixel_interfaces/share/dynamixel_interfaces/hook/pythonpath.dsv'
[6.714s] INFO:colcon.colcon_core.shell:Creating environment hook '/home/thibaut/Documents/bimanual_mocap/bimanual_ws/install/dynamixel_interfaces/share/dynamixel_interfaces/hook/pythonpath.sh'
[6.714s] Level 1:colcon.colcon_core.environment:checking '/home/thibaut/Documents/bimanual_mocap/bimanual_ws/install/dynamixel_interfaces/bin'
[6.714s] INFO:colcon.colcon_core.shell:Creating package script '/home/thibaut/Documents/bimanual_mocap/bimanual_ws/install/dynamixel_interfaces/share/dynamixel_interfaces/package.ps1'
[6.714s] INFO:colcon.colcon_core.shell:Creating package descriptor '/home/thibaut/Documents/bimanual_mocap/bimanual_ws/install/dynamixel_interfaces/share/dynamixel_interfaces/package.dsv'
[6.715s] INFO:colcon.colcon_core.shell:Creating package script '/home/thibaut/Documents/bimanual_mocap/bimanual_ws/install/dynamixel_interfaces/share/dynamixel_interfaces/package.sh'
[6.715s] INFO:colcon.colcon_core.shell:Creating package script '/home/thibaut/Documents/bimanual_mocap/bimanual_ws/install/dynamixel_interfaces/share/dynamixel_interfaces/package.bash'
[6.715s] INFO:colcon.colcon_core.shell:Creating package script '/home/thibaut/Documents/bimanual_mocap/bimanual_ws/install/dynamixel_interfaces/share/dynamixel_interfaces/package.zsh'
[6.715s] Level 1:colcon.colcon_core.environment:create_file_with_runtime_dependencies(/home/thibaut/Documents/bimanual_mocap/bimanual_ws/install/dynamixel_interfaces/share/colcon-core/packages/dynamixel_interfaces)
[6.715s] Level 1:colcon.colcon_core.environment:create_environment_scripts_only(dynamixel_interfaces)
[6.715s] Level 1:colcon.colcon_core.environment:checking '/home/thibaut/Documents/bimanual_mocap/bimanual_ws/install/dynamixel_interfaces' for CMake module files
[6.716s] Level 1:colcon.colcon_core.environment:checking '/home/thibaut/Documents/bimanual_mocap/bimanual_ws/install/dynamixel_interfaces' for CMake config files
[6.716s] Level 1:colcon.colcon_core.shell:create_environment_hook('dynamixel_interfaces', 'cmake_prefix_path')
[6.716s] INFO:colcon.colcon_core.shell:Creating environment hook '/home/thibaut/Documents/bimanual_mocap/bimanual_ws/install/dynamixel_interfaces/share/dynamixel_interfaces/hook/cmake_prefix_path.ps1'
[6.716s] INFO:colcon.colcon_core.shell:Creating environment descriptor '/home/thibaut/Documents/bimanual_mocap/bimanual_ws/install/dynamixel_interfaces/share/dynamixel_interfaces/hook/cmake_prefix_path.dsv'
[6.716s] INFO:colcon.colcon_core.shell:Creating environment hook '/home/thibaut/Documents/bimanual_mocap/bimanual_ws/install/dynamixel_interfaces/share/dynamixel_interfaces/hook/cmake_prefix_path.sh'
[6.716s] Level 1:colcon.colcon_core.environment:checking '/home/thibaut/Documents/bimanual_mocap/bimanual_ws/install/dynamixel_interfaces/lib'
[6.716s] Level 1:colcon.colcon_core.shell:create_environment_hook('dynamixel_interfaces', 'ld_library_path_lib')
[6.716s] INFO:colcon.colcon_core.shell:Creating environment hook '/home/thibaut/Documents/bimanual_mocap/bimanual_ws/install/dynamixel_interfaces/share/dynamixel_interfaces/hook/ld_library_path_lib.ps1'
[6.717s] INFO:colcon.colcon_core.shell:Creating environment descriptor '/home/thibaut/Documents/bimanual_mocap/bimanual_ws/install/dynamixel_interfaces/share/dynamixel_interfaces/hook/ld_library_path_lib.dsv'
[6.717s] INFO:colcon.colcon_core.shell:Creating environment hook '/home/thibaut/Documents/bimanual_mocap/bimanual_ws/install/dynamixel_interfaces/share/dynamixel_interfaces/hook/ld_library_path_lib.sh'
[6.717s] Level 1:colcon.colcon_core.environment:checking '/home/thibaut/Documents/bimanual_mocap/bimanual_ws/install/dynamixel_interfaces/bin'
[6.717s] Level 1:colcon.colcon_core.environment:checking '/home/thibaut/Documents/bimanual_mocap/bimanual_ws/install/dynamixel_interfaces/lib/pkgconfig/dynamixel_interfaces.pc'
[6.717s] Level 1:colcon.colcon_core.environment:checking '/home/thibaut/Documents/bimanual_mocap/bimanual_ws/install/dynamixel_interfaces/lib/python3.12/site-packages'
[6.717s] Level 1:colcon.colcon_core.shell:create_environment_hook('dynamixel_interfaces', 'pythonpath')
[6.717s] INFO:colcon.colcon_core.shell:Creating environment hook '/home/thibaut/Documents/bimanual_mocap/bimanual_ws/install/dynamixel_interfaces/share/dynamixel_interfaces/hook/pythonpath.ps1'
[6.717s] INFO:colcon.colcon_core.shell:Creating environment descriptor '/home/thibaut/Documents/bimanual_mocap/bimanual_ws/install/dynamixel_interfaces/share/dynamixel_interfaces/hook/pythonpath.dsv'
[6.717s] INFO:colcon.colcon_core.shell:Creating environment hook '/home/thibaut/Documents/bimanual_mocap/bimanual_ws/install/dynamixel_interfaces/share/dynamixel_interfaces/hook/pythonpath.sh'
[6.718s] Level 1:colcon.colcon_core.environment:checking '/home/thibaut/Documents/bimanual_mocap/bimanual_ws/install/dynamixel_interfaces/bin'
[6.718s] INFO:colcon.colcon_core.shell:Creating package script '/home/thibaut/Documents/bimanual_mocap/bimanual_ws/install/dynamixel_interfaces/share/dynamixel_interfaces/package.ps1'
[6.718s] INFO:colcon.colcon_core.shell:Creating package descriptor '/home/thibaut/Documents/bimanual_mocap/bimanual_ws/install/dynamixel_interfaces/share/dynamixel_interfaces/package.dsv'
[6.742s] INFO:colcon.colcon_core.shell:Creating package script '/home/thibaut/Documents/bimanual_mocap/bimanual_ws/install/dynamixel_interfaces/share/dynamixel_interfaces/package.sh'
[6.743s] INFO:colcon.colcon_core.shell:Creating package script '/home/thibaut/Documents/bimanual_mocap/bimanual_ws/install/dynamixel_interfaces/share/dynamixel_interfaces/package.bash'
[6.743s] INFO:colcon.colcon_core.shell:Creating package script '/home/thibaut/Documents/bimanual_mocap/bimanual_ws/install/dynamixel_interfaces/share/dynamixel_interfaces/package.zsh'
[6.743s] Level 1:colcon.colcon_core.environment:create_file_with_runtime_dependencies(/home/thibaut/Documents/bimanual_mocap/bimanual_ws/install/dynamixel_interfaces/share/colcon-core/packages/dynamixel_interfaces)
[6.743s] INFO:colcon.colcon_ros.task.ament_cmake.build:Building ROS package in '/home/thibaut/Documents/bimanual_mocap/bimanual_ws/src/dynamixel_hardware_interface' with build type 'ament_cmake'
[6.743s] INFO:colcon.colcon_cmake.task.cmake.build:Building CMake package in '/home/thibaut/Documents/bimanual_mocap/bimanual_ws/src/dynamixel_hardware_interface'
[6.743s] INFO:colcon.colcon_core.shell:Skip shell extension 'powershell' for command environment: Not usable outside of PowerShell
[6.743s] DEBUG:colcon.colcon_core.shell:Skip shell extension 'dsv' for command environment
[6.749s] DEBUG:colcon.colcon_core.event_handler.log_command:Invoking command in '/home/thibaut/Documents/bimanual_mocap/bimanual_ws/build/dynamixel_hardware_interface': AMENT_PREFIX_PATH=/home/thibaut/Documents/bimanual_mocap/bimanual_ws/install/dynamixel_interfaces:${AMENT_PREFIX_PATH} CMAKE_PREFIX_PATH=/home/thibaut/Documents/bimanual_mocap/bimanual_ws/install/dynamixel_interfaces:/opt/ros/jazzy/opt/gz_sim_vendor:/opt/ros/jazzy/opt/gz_sensors_vendor:/opt/ros/jazzy/opt/gz_physics_vendor:/opt/ros/jazzy/opt/sdformat_vendor:/opt/ros/jazzy/opt/gz_gui_vendor:/opt/ros/jazzy/opt/gz_transport_vendor:/opt/ros/jazzy/opt/gz_rendering_vendor:/opt/ros/jazzy/opt/gz_plugin_vendor:/opt/ros/jazzy/opt/gz_fuel_tools_vendor:/opt/ros/jazzy/opt/gz_msgs_vendor:/opt/ros/jazzy/opt/gz_common_vendor:/opt/ros/jazzy/opt/gz_math_vendor:/opt/ros/jazzy/opt/gz_utils_vendor:/opt/ros/jazzy/opt/gz_tools_vendor:/opt/ros/jazzy/opt/gz_ogre_next_vendor:/opt/ros/jazzy/opt/gz_dartsim_vendor:/opt/ros/jazzy/opt/gz_cmake_vendor:/opt/ros/jazzy DEBUGINFOD_URLS=https://debuginfod.ubuntu.com LD_LIBRARY_PATH=/home/thibaut/Documents/bimanual_mocap/bimanual_ws/install/dynamixel_interfaces/lib:${LD_LIBRARY_PATH} PYTHONPATH=/home/thibaut/Documents/bimanual_mocap/bimanual_ws/install/dynamixel_interfaces/lib/python3.12/site-packages:${PYTHONPATH} /usr/bin/cmake /home/thibaut/Documents/bimanual_mocap/bimanual_ws/src/dynamixel_hardware_interface -DAMENT_CMAKE_SYMLINK_INSTALL=1 -DCMAKE_INSTALL_PREFIX=/home/thibaut/Documents/bimanual_mocap/bimanual_ws/install/dynamixel_hardware_interface
[7.989s] DEBUG:colcon.colcon_core.event_handler.log_command:Invoked command in '/home/thibaut/Documents/bimanual_mocap/bimanual_ws/build/dynamixel_hardware_interface' returned '0': AMENT_PREFIX_PATH=/home/thibaut/Documents/bimanual_mocap/bimanual_ws/install/dynamixel_interfaces:${AMENT_PREFIX_PATH} CMAKE_PREFIX_PATH=/home/thibaut/Documents/bimanual_mocap/bimanual_ws/install/dynamixel_interfaces:/opt/ros/jazzy/opt/gz_sim_vendor:/opt/ros/jazzy/opt/gz_sensors_vendor:/opt/ros/jazzy/opt/gz_physics_vendor:/opt/ros/jazzy/opt/sdformat_vendor:/opt/ros/jazzy/opt/gz_gui_vendor:/opt/ros/jazzy/opt/gz_transport_vendor:/opt/ros/jazzy/opt/gz_rendering_vendor:/opt/ros/jazzy/opt/gz_plugin_vendor:/opt/ros/jazzy/opt/gz_fuel_tools_vendor:/opt/ros/jazzy/opt/gz_msgs_vendor:/opt/ros/jazzy/opt/gz_common_vendor:/opt/ros/jazzy/opt/gz_math_vendor:/opt/ros/jazzy/opt/gz_utils_vendor:/opt/ros/jazzy/opt/gz_tools_vendor:/opt/ros/jazzy/opt/gz_ogre_next_vendor:/opt/ros/jazzy/opt/gz_dartsim_vendor:/opt/ros/jazzy/opt/gz_cmake_vendor:/opt/ros/jazzy DEBUGINFOD_URLS=https://debuginfod.ubuntu.com LD_LIBRARY_PATH=/home/thibaut/Documents/bimanual_mocap/bimanual_ws/install/dynamixel_interfaces/lib:${LD_LIBRARY_PATH} PYTHONPATH=/home/thibaut/Documents/bimanual_mocap/bimanual_ws/install/dynamixel_interfaces/lib/python3.12/site-packages:${PYTHONPATH} /usr/bin/cmake /home/thibaut/Documents/bimanual_mocap/bimanual_ws/src/dynamixel_hardware_interface -DAMENT_CMAKE_SYMLINK_INSTALL=1 -DCMAKE_INSTALL_PREFIX=/home/thibaut/Documents/bimanual_mocap/bimanual_ws/install/dynamixel_hardware_interface
[7.990s] DEBUG:colcon.colcon_core.event_handler.log_command:Invoking command in '/home/thibaut/Documents/bimanual_mocap/bimanual_ws/build/dynamixel_hardware_interface': AMENT_PREFIX_PATH=/home/thibaut/Documents/bimanual_mocap/bimanual_ws/install/dynamixel_interfaces:${AMENT_PREFIX_PATH} CMAKE_PREFIX_PATH=/home/thibaut/Documents/bimanual_mocap/bimanual_ws/install/dynamixel_interfaces:/opt/ros/jazzy/opt/gz_sim_vendor:/opt/ros/jazzy/opt/gz_sensors_vendor:/opt/ros/jazzy/opt/gz_physics_vendor:/opt/ros/jazzy/opt/sdformat_vendor:/opt/ros/jazzy/opt/gz_gui_vendor:/opt/ros/jazzy/opt/gz_transport_vendor:/opt/ros/jazzy/opt/gz_rendering_vendor:/opt/ros/jazzy/opt/gz_plugin_vendor:/opt/ros/jazzy/opt/gz_fuel_tools_vendor:/opt/ros/jazzy/opt/gz_msgs_vendor:/opt/ros/jazzy/opt/gz_common_vendor:/opt/ros/jazzy/opt/gz_math_vendor:/opt/ros/jazzy/opt/gz_utils_vendor:/opt/ros/jazzy/opt/gz_tools_vendor:/opt/ros/jazzy/opt/gz_ogre_next_vendor:/opt/ros/jazzy/opt/gz_dartsim_vendor:/opt/ros/jazzy/opt/gz_cmake_vendor:/opt/ros/jazzy DEBUGINFOD_URLS=https://debuginfod.ubuntu.com LD_LIBRARY_PATH=/home/thibaut/Documents/bimanual_mocap/bimanual_ws/install/dynamixel_interfaces/lib:${LD_LIBRARY_PATH} PYTHONPATH=/home/thibaut/Documents/bimanual_mocap/bimanual_ws/install/dynamixel_interfaces/lib/python3.12/site-packages:${PYTHONPATH} /usr/bin/cmake --build /home/thibaut/Documents/bimanual_mocap/bimanual_ws/build/dynamixel_hardware_interface -- -j6 -l6
[33.325s] DEBUG:colcon.colcon_core.event_handler.log_command:Invoked command in '/home/thibaut/Documents/bimanual_mocap/bimanual_ws/build/dynamixel_hardware_interface' returned '0': AMENT_PREFIX_PATH=/home/thibaut/Documents/bimanual_mocap/bimanual_ws/install/dynamixel_interfaces:${AMENT_PREFIX_PATH} CMAKE_PREFIX_PATH=/home/thibaut/Documents/bimanual_mocap/bimanual_ws/install/dynamixel_interfaces:/opt/ros/jazzy/opt/gz_sim_vendor:/opt/ros/jazzy/opt/gz_sensors_vendor:/opt/ros/jazzy/opt/gz_physics_vendor:/opt/ros/jazzy/opt/sdformat_vendor:/opt/ros/jazzy/opt/gz_gui_vendor:/opt/ros/jazzy/opt/gz_transport_vendor:/opt/ros/jazzy/opt/gz_rendering_vendor:/opt/ros/jazzy/opt/gz_plugin_vendor:/opt/ros/jazzy/opt/gz_fuel_tools_vendor:/opt/ros/jazzy/opt/gz_msgs_vendor:/opt/ros/jazzy/opt/gz_common_vendor:/opt/ros/jazzy/opt/gz_math_vendor:/opt/ros/jazzy/opt/gz_utils_vendor:/opt/ros/jazzy/opt/gz_tools_vendor:/opt/ros/jazzy/opt/gz_ogre_next_vendor:/opt/ros/jazzy/opt/gz_dartsim_vendor:/opt/ros/jazzy/opt/gz_cmake_vendor:/opt/ros/jazzy DEBUGINFOD_URLS=https://debuginfod.ubuntu.com LD_LIBRARY_PATH=/home/thibaut/Documents/bimanual_mocap/bimanual_ws/install/dynamixel_interfaces/lib:${LD_LIBRARY_PATH} PYTHONPATH=/home/thibaut/Documents/bimanual_mocap/bimanual_ws/install/dynamixel_interfaces/lib/python3.12/site-packages:${PYTHONPATH} /usr/bin/cmake --build /home/thibaut/Documents/bimanual_mocap/bimanual_ws/build/dynamixel_hardware_interface -- -j6 -l6
[33.328s] DEBUG:colcon.colcon_core.event_handler.log_command:Invoking command in '/home/thibaut/Documents/bimanual_mocap/bimanual_ws/build/dynamixel_hardware_interface': AMENT_PREFIX_PATH=/home/thibaut/Documents/bimanual_mocap/bimanual_ws/install/dynamixel_interfaces:${AMENT_PREFIX_PATH} CMAKE_PREFIX_PATH=/home/thibaut/Documents/bimanual_mocap/bimanual_ws/install/dynamixel_interfaces:/opt/ros/jazzy/opt/gz_sim_vendor:/opt/ros/jazzy/opt/gz_sensors_vendor:/opt/ros/jazzy/opt/gz_physics_vendor:/opt/ros/jazzy/opt/sdformat_vendor:/opt/ros/jazzy/opt/gz_gui_vendor:/opt/ros/jazzy/opt/gz_transport_vendor:/opt/ros/jazzy/opt/gz_rendering_vendor:/opt/ros/jazzy/opt/gz_plugin_vendor:/opt/ros/jazzy/opt/gz_fuel_tools_vendor:/opt/ros/jazzy/opt/gz_msgs_vendor:/opt/ros/jazzy/opt/gz_common_vendor:/opt/ros/jazzy/opt/gz_math_vendor:/opt/ros/jazzy/opt/gz_utils_vendor:/opt/ros/jazzy/opt/gz_tools_vendor:/opt/ros/jazzy/opt/gz_ogre_next_vendor:/opt/ros/jazzy/opt/gz_dartsim_vendor:/opt/ros/jazzy/opt/gz_cmake_vendor:/opt/ros/jazzy DEBUGINFOD_URLS=https://debuginfod.ubuntu.com LD_LIBRARY_PATH=/home/thibaut/Documents/bimanual_mocap/bimanual_ws/install/dynamixel_interfaces/lib:${LD_LIBRARY_PATH} PYTHONPATH=/home/thibaut/Documents/bimanual_mocap/bimanual_ws/install/dynamixel_interfaces/lib/python3.12/site-packages:${PYTHONPATH} /usr/bin/cmake --install /home/thibaut/Documents/bimanual_mocap/bimanual_ws/build/dynamixel_hardware_interface
[33.805s] Level 1:colcon.colcon_core.environment:create_environment_scripts_only(dynamixel_hardware_interface)
[33.806s] Level 1:colcon.colcon_core.environment:checking '/home/thibaut/Documents/bimanual_mocap/bimanual_ws/install/dynamixel_hardware_interface' for CMake module files
[33.807s] DEBUG:colcon.colcon_core.event_handler.log_command:Invoked command in '/home/thibaut/Documents/bimanual_mocap/bimanual_ws/build/dynamixel_hardware_interface' returned '0': AMENT_PREFIX_PATH=/home/thibaut/Documents/bimanual_mocap/bimanual_ws/install/dynamixel_interfaces:${AMENT_PREFIX_PATH} CMAKE_PREFIX_PATH=/home/thibaut/Documents/bimanual_mocap/bimanual_ws/install/dynamixel_interfaces:/opt/ros/jazzy/opt/gz_sim_vendor:/opt/ros/jazzy/opt/gz_sensors_vendor:/opt/ros/jazzy/opt/gz_physics_vendor:/opt/ros/jazzy/opt/sdformat_vendor:/opt/ros/jazzy/opt/gz_gui_vendor:/opt/ros/jazzy/opt/gz_transport_vendor:/opt/ros/jazzy/opt/gz_rendering_vendor:/opt/ros/jazzy/opt/gz_plugin_vendor:/opt/ros/jazzy/opt/gz_fuel_tools_vendor:/opt/ros/jazzy/opt/gz_msgs_vendor:/opt/ros/jazzy/opt/gz_common_vendor:/opt/ros/jazzy/opt/gz_math_vendor:/opt/ros/jazzy/opt/gz_utils_vendor:/opt/ros/jazzy/opt/gz_tools_vendor:/opt/ros/jazzy/opt/gz_ogre_next_vendor:/opt/ros/jazzy/opt/gz_dartsim_vendor:/opt/ros/jazzy/opt/gz_cmake_vendor:/opt/ros/jazzy DEBUGINFOD_URLS=https://debuginfod.ubuntu.com LD_LIBRARY_PATH=/home/thibaut/Documents/bimanual_mocap/bimanual_ws/install/dynamixel_interfaces/lib:${LD_LIBRARY_PATH} PYTHONPATH=/home/thibaut/Documents/bimanual_mocap/bimanual_ws/install/dynamixel_interfaces/lib/python3.12/site-packages:${PYTHONPATH} /usr/bin/cmake --install /home/thibaut/Documents/bimanual_mocap/bimanual_ws/build/dynamixel_hardware_interface
[33.807s] Level 1:colcon.colcon_core.environment:checking '/home/thibaut/Documents/bimanual_mocap/bimanual_ws/install/dynamixel_hardware_interface' for CMake config files
[33.808s] Level 1:colcon.colcon_core.shell:create_environment_hook('dynamixel_hardware_interface', 'cmake_prefix_path')
[33.808s] INFO:colcon.colcon_core.shell:Creating environment hook '/home/thibaut/Documents/bimanual_mocap/bimanual_ws/install/dynamixel_hardware_interface/share/dynamixel_hardware_interface/hook/cmake_prefix_path.ps1'
[33.809s] INFO:colcon.colcon_core.shell:Creating environment descriptor '/home/thibaut/Documents/bimanual_mocap/bimanual_ws/install/dynamixel_hardware_interface/share/dynamixel_hardware_interface/hook/cmake_prefix_path.dsv'
[33.809s] INFO:colcon.colcon_core.shell:Creating environment hook '/home/thibaut/Documents/bimanual_mocap/bimanual_ws/install/dynamixel_hardware_interface/share/dynamixel_hardware_interface/hook/cmake_prefix_path.sh'
[33.810s] Level 1:colcon.colcon_core.environment:checking '/home/thibaut/Documents/bimanual_mocap/bimanual_ws/install/dynamixel_hardware_interface/lib'
[33.810s] Level 1:colcon.colcon_core.shell:create_environment_hook('dynamixel_hardware_interface', 'ld_library_path_lib')
[33.810s] INFO:colcon.colcon_core.shell:Creating environment hook '/home/thibaut/Documents/bimanual_mocap/bimanual_ws/install/dynamixel_hardware_interface/share/dynamixel_hardware_interface/hook/ld_library_path_lib.ps1'
[33.810s] INFO:colcon.colcon_core.shell:Creating environment descriptor '/home/thibaut/Documents/bimanual_mocap/bimanual_ws/install/dynamixel_hardware_interface/share/dynamixel_hardware_interface/hook/ld_library_path_lib.dsv'
[33.810s] INFO:colcon.colcon_core.shell:Creating environment hook '/home/thibaut/Documents/bimanual_mocap/bimanual_ws/install/dynamixel_hardware_interface/share/dynamixel_hardware_interface/hook/ld_library_path_lib.sh'
[33.810s] Level 1:colcon.colcon_core.environment:checking '/home/thibaut/Documents/bimanual_mocap/bimanual_ws/install/dynamixel_hardware_interface/bin'
[33.810s] Level 1:colcon.colcon_core.environment:checking '/home/thibaut/Documents/bimanual_mocap/bimanual_ws/install/dynamixel_hardware_interface/lib/pkgconfig/dynamixel_hardware_interface.pc'
[33.811s] Level 1:colcon.colcon_core.environment:checking '/home/thibaut/Documents/bimanual_mocap/bimanual_ws/install/dynamixel_hardware_interface/lib/python3.12/site-packages'
[33.811s] Level 1:colcon.colcon_core.environment:checking '/home/thibaut/Documents/bimanual_mocap/bimanual_ws/install/dynamixel_hardware_interface/bin'
[33.811s] INFO:colcon.colcon_core.shell:Creating package script '/home/thibaut/Documents/bimanual_mocap/bimanual_ws/install/dynamixel_hardware_interface/share/dynamixel_hardware_interface/package.ps1'
[33.811s] INFO:colcon.colcon_core.shell:Creating package descriptor '/home/thibaut/Documents/bimanual_mocap/bimanual_ws/install/dynamixel_hardware_interface/share/dynamixel_hardware_interface/package.dsv'
[33.811s] INFO:colcon.colcon_core.shell:Creating package script '/home/thibaut/Documents/bimanual_mocap/bimanual_ws/install/dynamixel_hardware_interface/share/dynamixel_hardware_interface/package.sh'
[33.812s] INFO:colcon.colcon_core.shell:Creating package script '/home/thibaut/Documents/bimanual_mocap/bimanual_ws/install/dynamixel_hardware_interface/share/dynamixel_hardware_interface/package.bash'
[33.812s] INFO:colcon.colcon_core.shell:Creating package script '/home/thibaut/Documents/bimanual_mocap/bimanual_ws/install/dynamixel_hardware_interface/share/dynamixel_hardware_interface/package.zsh'
[33.812s] Level 1:colcon.colcon_core.environment:create_file_with_runtime_dependencies(/home/thibaut/Documents/bimanual_mocap/bimanual_ws/install/dynamixel_hardware_interface/share/colcon-core/packages/dynamixel_hardware_interface)
[33.812s] Level 1:colcon.colcon_core.environment:create_environment_scripts_only(dynamixel_hardware_interface)
[33.812s] Level 1:colcon.colcon_core.environment:checking '/home/thibaut/Documents/bimanual_mocap/bimanual_ws/install/dynamixel_hardware_interface' for CMake module files
[33.812s] Level 1:colcon.colcon_core.environment:checking '/home/thibaut/Documents/bimanual_mocap/bimanual_ws/install/dynamixel_hardware_interface' for CMake config files
[33.813s] Level 1:colcon.colcon_core.shell:create_environment_hook('dynamixel_hardware_interface', 'cmake_prefix_path')
[33.813s] INFO:colcon.colcon_core.shell:Creating environment hook '/home/thibaut/Documents/bimanual_mocap/bimanual_ws/install/dynamixel_hardware_interface/share/dynamixel_hardware_interface/hook/cmake_prefix_path.ps1'
[33.813s] INFO:colcon.colcon_core.shell:Creating environment descriptor '/home/thibaut/Documents/bimanual_mocap/bimanual_ws/install/dynamixel_hardware_interface/share/dynamixel_hardware_interface/hook/cmake_prefix_path.dsv'
[33.813s] INFO:colcon.colcon_core.shell:Creating environment hook '/home/thibaut/Documents/bimanual_mocap/bimanual_ws/install/dynamixel_hardware_interface/share/dynamixel_hardware_interface/hook/cmake_prefix_path.sh'
[33.813s] Level 1:colcon.colcon_core.environment:checking '/home/thibaut/Documents/bimanual_mocap/bimanual_ws/install/dynamixel_hardware_interface/lib'
[33.813s] Level 1:colcon.colcon_core.shell:create_environment_hook('dynamixel_hardware_interface', 'ld_library_path_lib')
[33.814s] INFO:colcon.colcon_core.shell:Creating environment hook '/home/thibaut/Documents/bimanual_mocap/bimanual_ws/install/dynamixel_hardware_interface/share/dynamixel_hardware_interface/hook/ld_library_path_lib.ps1'
[33.814s] INFO:colcon.colcon_core.shell:Creating environment descriptor '/home/thibaut/Documents/bimanual_mocap/bimanual_ws/install/dynamixel_hardware_interface/share/dynamixel_hardware_interface/hook/ld_library_path_lib.dsv'
[33.814s] INFO:colcon.colcon_core.shell:Creating environment hook '/home/thibaut/Documents/bimanual_mocap/bimanual_ws/install/dynamixel_hardware_interface/share/dynamixel_hardware_interface/hook/ld_library_path_lib.sh'
[33.814s] Level 1:colcon.colcon_core.environment:checking '/home/thibaut/Documents/bimanual_mocap/bimanual_ws/install/dynamixel_hardware_interface/bin'
[33.814s] Level 1:colcon.colcon_core.environment:checking '/home/thibaut/Documents/bimanual_mocap/bimanual_ws/install/dynamixel_hardware_interface/lib/pkgconfig/dynamixel_hardware_interface.pc'
[33.814s] Level 1:colcon.colcon_core.environment:checking '/home/thibaut/Documents/bimanual_mocap/bimanual_ws/install/dynamixel_hardware_interface/lib/python3.12/site-packages'
[33.814s] Level 1:colcon.colcon_core.environment:checking '/home/thibaut/Documents/bimanual_mocap/bimanual_ws/install/dynamixel_hardware_interface/bin'
[33.814s] INFO:colcon.colcon_core.shell:Creating package script '/home/thibaut/Documents/bimanual_mocap/bimanual_ws/install/dynamixel_hardware_interface/share/dynamixel_hardware_interface/package.ps1'
[33.814s] INFO:colcon.colcon_core.shell:Creating package descriptor '/home/thibaut/Documents/bimanual_mocap/bimanual_ws/install/dynamixel_hardware_interface/share/dynamixel_hardware_interface/package.dsv'
[33.815s] INFO:colcon.colcon_core.shell:Creating package script '/home/thibaut/Documents/bimanual_mocap/bimanual_ws/install/dynamixel_hardware_interface/share/dynamixel_hardware_interface/package.sh'
[33.815s] INFO:colcon.colcon_core.shell:Creating package script '/home/thibaut/Documents/bimanual_mocap/bimanual_ws/install/dynamixel_hardware_interface/share/dynamixel_hardware_interface/package.bash'
[33.815s] INFO:colcon.colcon_core.shell:Creating package script '/home/thibaut/Documents/bimanual_mocap/bimanual_ws/install/dynamixel_hardware_interface/share/dynamixel_hardware_interface/package.zsh'
[33.815s] Level 1:colcon.colcon_core.environment:create_file_with_runtime_dependencies(/home/thibaut/Documents/bimanual_mocap/bimanual_ws/install/dynamixel_hardware_interface/share/colcon-core/packages/dynamixel_hardware_interface)
[33.815s] INFO:colcon.colcon_ros.task.ament_python.build:Building ROS package in '/home/thibaut/Documents/bimanual_mocap/bimanual_ws/src/bimanualrobot_ros2/bimanualrobot_bringup' with build type 'ament_python'
[33.815s] Level 1:colcon.colcon_core.shell:create_environment_hook('bimanualrobot_bringup', 'ament_prefix_path')
[33.816s] INFO:colcon.colcon_core.shell:Creating environment hook '/home/thibaut/Documents/bimanual_mocap/bimanual_ws/install/bimanualrobot_bringup/share/bimanualrobot_bringup/hook/ament_prefix_path.ps1'
[33.816s] INFO:colcon.colcon_core.shell:Creating environment descriptor '/home/thibaut/Documents/bimanual_mocap/bimanual_ws/install/bimanualrobot_bringup/share/bimanualrobot_bringup/hook/ament_prefix_path.dsv'
[33.817s] INFO:colcon.colcon_core.shell:Creating environment hook '/home/thibaut/Documents/bimanual_mocap/bimanual_ws/install/bimanualrobot_bringup/share/bimanualrobot_bringup/hook/ament_prefix_path.sh'
[33.817s] INFO:colcon.colcon_core.shell:Skip shell extension 'powershell' for command environment: Not usable outside of PowerShell
[33.817s] DEBUG:colcon.colcon_core.shell:Skip shell extension 'dsv' for command environment
[33.935s] INFO:colcon.colcon_core.task.python.build:Building Python package in '/home/thibaut/Documents/bimanual_mocap/bimanual_ws/src/bimanualrobot_ros2/bimanualrobot_bringup'
[33.935s] INFO:colcon.colcon_core.shell:Skip shell extension 'powershell' for command environment: Not usable outside of PowerShell
[33.935s] DEBUG:colcon.colcon_core.shell:Skip shell extension 'dsv' for command environment
[34.246s] DEBUG:colcon.colcon_core.event_handler.log_command:Invoking command in '/home/thibaut/Documents/bimanual_mocap/bimanual_ws/build/bimanualrobot_bringup': AMENT_PREFIX_PATH=/home/thibaut/Documents/bimanual_mocap/bimanual_ws/install/dynamixel_hardware_interface:/home/thibaut/Documents/bimanual_mocap/bimanual_ws/install/dynamixel_interfaces:/home/thibaut/Documents/bimanual_mocap/bimanual_ws/install/bimanualrobot_description:${AMENT_PREFIX_PATH} CMAKE_PREFIX_PATH=/home/thibaut/Documents/bimanual_mocap/bimanual_ws/install/dynamixel_hardware_interface:/home/thibaut/Documents/bimanual_mocap/bimanual_ws/install/dynamixel_interfaces:/home/thibaut/Documents/bimanual_mocap/bimanual_ws/install/bimanualrobot_description:${CMAKE_PREFIX_PATH} DEBUGINFOD_URLS=https://debuginfod.ubuntu.com LD_LIBRARY_PATH=/home/thibaut/Documents/bimanual_mocap/bimanual_ws/install/dynamixel_hardware_interface/lib:/home/thibaut/Documents/bimanual_mocap/bimanual_ws/install/dynamixel_interfaces/lib:${LD_LIBRARY_PATH} PYTHONPATH=/home/thibaut/Documents/bimanual_mocap/bimanual_ws/build/bimanualrobot_bringup/prefix_override:/usr/lib/python3/dist-packages/colcon_core/task/python/colcon_distutils_commands:/home/thibaut/Documents/bimanual_mocap/bimanual_ws/install/bimanualrobot_bringup/lib/python3.12/site-packages:/home/thibaut/Documents/bimanual_mocap/bimanual_ws/install/dynamixel_interfaces/lib/python3.12/site-packages:${PYTHONPATH} /usr/bin/python3 -W ignore:setup.py install is deprecated -W ignore:easy_install command is deprecated setup.py develop --editable --build-directory /home/thibaut/Documents/bimanual_mocap/bimanual_ws/build/bimanualrobot_bringup/build --no-deps symlink_data
[34.548s] Level 1:colcon.colcon_core.shell:create_environment_hook('bimanualrobot_bringup', 'pythonpath_develop')
[34.548s] INFO:colcon.colcon_core.shell:Creating environment hook '/home/thibaut/Documents/bimanual_mocap/bimanual_ws/build/bimanualrobot_bringup/share/bimanualrobot_bringup/hook/pythonpath_develop.ps1'
[34.548s] DEBUG:colcon.colcon_core.event_handler.log_command:Invoked command in '/home/thibaut/Documents/bimanual_mocap/bimanual_ws/build/bimanualrobot_bringup' returned '0': AMENT_PREFIX_PATH=/home/thibaut/Documents/bimanual_mocap/bimanual_ws/install/dynamixel_hardware_interface:/home/thibaut/Documents/bimanual_mocap/bimanual_ws/install/dynamixel_interfaces:/home/thibaut/Documents/bimanual_mocap/bimanual_ws/install/bimanualrobot_description:${AMENT_PREFIX_PATH} CMAKE_PREFIX_PATH=/home/thibaut/Documents/bimanual_mocap/bimanual_ws/install/dynamixel_hardware_interface:/home/thibaut/Documents/bimanual_mocap/bimanual_ws/install/dynamixel_interfaces:/home/thibaut/Documents/bimanual_mocap/bimanual_ws/install/bimanualrobot_description:${CMAKE_PREFIX_PATH} DEBUGINFOD_URLS=https://debuginfod.ubuntu.com LD_LIBRARY_PATH=/home/thibaut/Documents/bimanual_mocap/bimanual_ws/install/dynamixel_hardware_interface/lib:/home/thibaut/Documents/bimanual_mocap/bimanual_ws/install/dynamixel_interfaces/lib:${LD_LIBRARY_PATH} PYTHONPATH=/home/thibaut/Documents/bimanual_mocap/bimanual_ws/build/bimanualrobot_bringup/prefix_override:/usr/lib/python3/dist-packages/colcon_core/task/python/colcon_distutils_commands:/home/thibaut/Documents/bimanual_mocap/bimanual_ws/install/bimanualrobot_bringup/lib/python3.12/site-packages:/home/thibaut/Documents/bimanual_mocap/bimanual_ws/install/dynamixel_interfaces/lib/python3.12/site-packages:${PYTHONPATH} /usr/bin/python3 -W ignore:setup.py install is deprecated -W ignore:easy_install command is deprecated setup.py develop --editable --build-directory /home/thibaut/Documents/bimanual_mocap/bimanual_ws/build/bimanualrobot_bringup/build --no-deps symlink_data
[34.549s] INFO:colcon.colcon_core.shell:Creating environment descriptor '/home/thibaut/Documents/bimanual_mocap/bimanual_ws/build/bimanualrobot_bringup/share/bimanualrobot_bringup/hook/pythonpath_develop.dsv'
[34.549s] INFO:colcon.colcon_core.shell:Creating environment hook '/home/thibaut/Documents/bimanual_mocap/bimanual_ws/build/bimanualrobot_bringup/share/bimanualrobot_bringup/hook/pythonpath_develop.sh'
[34.549s] Level 1:colcon.colcon_core.environment:checking '/home/thibaut/Documents/bimanual_mocap/bimanual_ws/install/bimanualrobot_bringup' for CMake module files
[34.549s] Level 1:colcon.colcon_core.environment:checking '/home/thibaut/Documents/bimanual_mocap/bimanual_ws/install/bimanualrobot_bringup' for CMake config files
[34.550s] Level 1:colcon.colcon_core.environment:checking '/home/thibaut/Documents/bimanual_mocap/bimanual_ws/install/bimanualrobot_bringup/lib'
[34.550s] Level 1:colcon.colcon_core.environment:checking '/home/thibaut/Documents/bimanual_mocap/bimanual_ws/install/bimanualrobot_bringup/bin'
[34.550s] Level 1:colcon.colcon_core.environment:checking '/home/thibaut/Documents/bimanual_mocap/bimanual_ws/install/bimanualrobot_bringup/lib/pkgconfig/bimanualrobot_bringup.pc'
[34.550s] Level 1:colcon.colcon_core.environment:checking '/home/thibaut/Documents/bimanual_mocap/bimanual_ws/install/bimanualrobot_bringup/lib/python3.12/site-packages'
[34.550s] Level 1:colcon.colcon_core.shell:create_environment_hook('bimanualrobot_bringup', 'pythonpath')
[34.550s] INFO:colcon.colcon_core.shell:Creating environment hook '/home/thibaut/Documents/bimanual_mocap/bimanual_ws/install/bimanualrobot_bringup/share/bimanualrobot_bringup/hook/pythonpath.ps1'
[34.550s] INFO:colcon.colcon_core.shell:Creating environment descriptor '/home/thibaut/Documents/bimanual_mocap/bimanual_ws/install/bimanualrobot_bringup/share/bimanualrobot_bringup/hook/pythonpath.dsv'
[34.550s] INFO:colcon.colcon_core.shell:Creating environment hook '/home/thibaut/Documents/bimanual_mocap/bimanual_ws/install/bimanualrobot_bringup/share/bimanualrobot_bringup/hook/pythonpath.sh'
[34.551s] Level 1:colcon.colcon_core.environment:checking '/home/thibaut/Documents/bimanual_mocap/bimanual_ws/install/bimanualrobot_bringup/bin'
[34.551s] Level 1:colcon.colcon_core.environment:create_environment_scripts_only(bimanualrobot_bringup)
[34.551s] INFO:colcon.colcon_core.shell:Creating package script '/home/thibaut/Documents/bimanual_mocap/bimanual_ws/install/bimanualrobot_bringup/share/bimanualrobot_bringup/package.ps1'
[34.551s] INFO:colcon.colcon_core.shell:Creating package descriptor '/home/thibaut/Documents/bimanual_mocap/bimanual_ws/install/bimanualrobot_bringup/share/bimanualrobot_bringup/package.dsv'
[34.551s] INFO:colcon.colcon_core.shell:Creating package script '/home/thibaut/Documents/bimanual_mocap/bimanual_ws/install/bimanualrobot_bringup/share/bimanualrobot_bringup/package.sh'
[34.551s] INFO:colcon.colcon_core.shell:Creating package script '/home/thibaut/Documents/bimanual_mocap/bimanual_ws/install/bimanualrobot_bringup/share/bimanualrobot_bringup/package.bash'
[34.551s] INFO:colcon.colcon_core.shell:Creating package script '/home/thibaut/Documents/bimanual_mocap/bimanual_ws/install/bimanualrobot_bringup/share/bimanualrobot_bringup/package.zsh'
[34.552s] Level 1:colcon.colcon_core.environment:create_file_with_runtime_dependencies(/home/thibaut/Documents/bimanual_mocap/bimanual_ws/install/bimanualrobot_bringup/share/colcon-core/packages/bimanualrobot_bringup)
[34.552s] INFO:colcon.colcon_ros.task.ament_cmake.build:Building ROS package in '/home/thibaut/Documents/bimanual_mocap/bimanual_ws/src/bimanualrobot_ros2/bimanualrobot_ros2' with build type 'ament_cmake'
[34.552s] INFO:colcon.colcon_cmake.task.cmake.build:Building CMake package in '/home/thibaut/Documents/bimanual_mocap/bimanual_ws/src/bimanualrobot_ros2/bimanualrobot_ros2'
[34.552s] INFO:colcon.colcon_core.shell:Skip shell extension 'powershell' for command environment: Not usable outside of PowerShell
[34.552s] DEBUG:colcon.colcon_core.shell:Skip shell extension 'dsv' for command environment
[34.563s] DEBUG:colcon.colcon_core.event_handler.log_command:Invoking command in '/home/thibaut/Documents/bimanual_mocap/bimanual_ws/build/bimanualrobot_ros2': AMENT_PREFIX_PATH=/home/thibaut/Documents/bimanual_mocap/bimanual_ws/install/bimanualrobot_bringup:/home/thibaut/Documents/bimanual_mocap/bimanual_ws/install/dynamixel_hardware_interface:/home/thibaut/Documents/bimanual_mocap/bimanual_ws/install/dynamixel_interfaces:/home/thibaut/Documents/bimanual_mocap/bimanual_ws/install/bimanualrobot_system_tests:/home/thibaut/Documents/bimanual_mocap/bimanual_ws/install/bimanualrobot_moveit_config:/home/thibaut/Documents/bimanual_mocap/bimanual_ws/install/bimanualrobot_gazebo:/home/thibaut/Documents/bimanual_mocap/bimanual_ws/install/bimanualrobot_description:${AMENT_PREFIX_PATH} CMAKE_PREFIX_PATH=/home/thibaut/Documents/bimanual_mocap/bimanual_ws/install/dynamixel_hardware_interface:/home/thibaut/Documents/bimanual_mocap/bimanual_ws/install/dynamixel_interfaces:/home/thibaut/Documents/bimanual_mocap/bimanual_ws/install/bimanualrobot_system_tests:/home/thibaut/Documents/bimanual_mocap/bimanual_ws/install/bimanualrobot_moveit_config:/home/thibaut/Documents/bimanual_mocap/bimanual_ws/install/bimanualrobot_gazebo:/home/thibaut/Documents/bimanual_mocap/bimanual_ws/install/bimanualrobot_description:/opt/ros/jazzy/opt/gz_sim_vendor:/opt/ros/jazzy/opt/gz_sensors_vendor:/opt/ros/jazzy/opt/gz_physics_vendor:/opt/ros/jazzy/opt/sdformat_vendor:/opt/ros/jazzy/opt/gz_gui_vendor:/opt/ros/jazzy/opt/gz_transport_vendor:/opt/ros/jazzy/opt/gz_rendering_vendor:/opt/ros/jazzy/opt/gz_plugin_vendor:/opt/ros/jazzy/opt/gz_fuel_tools_vendor:/opt/ros/jazzy/opt/gz_msgs_vendor:/opt/ros/jazzy/opt/gz_common_vendor:/opt/ros/jazzy/opt/gz_math_vendor:/opt/ros/jazzy/opt/gz_utils_vendor:/opt/ros/jazzy/opt/gz_tools_vendor:/opt/ros/jazzy/opt/gz_ogre_next_vendor:/opt/ros/jazzy/opt/gz_dartsim_vendor:/opt/ros/jazzy/opt/gz_cmake_vendor:/opt/ros/jazzy DEBUGINFOD_URLS=https://debuginfod.ubuntu.com LD_LIBRARY_PATH=/home/thibaut/Documents/bimanual_mocap/bimanual_ws/install/dynamixel_hardware_interface/lib:/home/thibaut/Documents/bimanual_mocap/bimanual_ws/install/dynamixel_interfaces/lib:/home/thibaut/Documents/bimanual_mocap/bimanual_ws/install/bimanualrobot_gazebo/lib:${LD_LIBRARY_PATH} PYTHONPATH=/home/thibaut/Documents/bimanual_mocap/bimanual_ws/build/bimanualrobot_bringup:/home/thibaut/Documents/bimanual_mocap/bimanual_ws/install/bimanualrobot_bringup/lib/python3.12/site-packages:/home/thibaut/Documents/bimanual_mocap/bimanual_ws/install/dynamixel_interfaces/lib/python3.12/site-packages:${PYTHONPATH} /usr/bin/cmake /home/thibaut/Documents/bimanual_mocap/bimanual_ws/src/bimanualrobot_ros2/bimanualrobot_ros2 -DAMENT_CMAKE_SYMLINK_INSTALL=1 -DCMAKE_INSTALL_PREFIX=/home/thibaut/Documents/bimanual_mocap/bimanual_ws/install/bimanualrobot_ros2
[35.129s] DEBUG:colcon.colcon_core.event_handler.log_command:Invoked command in '/home/thibaut/Documents/bimanual_mocap/bimanual_ws/build/bimanualrobot_ros2' returned '0': AMENT_PREFIX_PATH=/home/thibaut/Documents/bimanual_mocap/bimanual_ws/install/bimanualrobot_bringup:/home/thibaut/Documents/bimanual_mocap/bimanual_ws/install/dynamixel_hardware_interface:/home/thibaut/Documents/bimanual_mocap/bimanual_ws/install/dynamixel_interfaces:/home/thibaut/Documents/bimanual_mocap/bimanual_ws/install/bimanualrobot_system_tests:/home/thibaut/Documents/bimanual_mocap/bimanual_ws/install/bimanualrobot_moveit_config:/home/thibaut/Documents/bimanual_mocap/bimanual_ws/install/bimanualrobot_gazebo:/home/thibaut/Documents/bimanual_mocap/bimanual_ws/install/bimanualrobot_description:${AMENT_PREFIX_PATH} CMAKE_PREFIX_PATH=/home/thibaut/Documents/bimanual_mocap/bimanual_ws/install/dynamixel_hardware_interface:/home/thibaut/Documents/bimanual_mocap/bimanual_ws/install/dynamixel_interfaces:/home/thibaut/Documents/bimanual_mocap/bimanual_ws/install/bimanualrobot_system_tests:/home/thibaut/Documents/bimanual_mocap/bimanual_ws/install/bimanualrobot_moveit_config:/home/thibaut/Documents/bimanual_mocap/bimanual_ws/install/bimanualrobot_gazebo:/home/thibaut/Documents/bimanual_mocap/bimanual_ws/install/bimanualrobot_description:/opt/ros/jazzy/opt/gz_sim_vendor:/opt/ros/jazzy/opt/gz_sensors_vendor:/opt/ros/jazzy/opt/gz_physics_vendor:/opt/ros/jazzy/opt/sdformat_vendor:/opt/ros/jazzy/opt/gz_gui_vendor:/opt/ros/jazzy/opt/gz_transport_vendor:/opt/ros/jazzy/opt/gz_rendering_vendor:/opt/ros/jazzy/opt/gz_plugin_vendor:/opt/ros/jazzy/opt/gz_fuel_tools_vendor:/opt/ros/jazzy/opt/gz_msgs_vendor:/opt/ros/jazzy/opt/gz_common_vendor:/opt/ros/jazzy/opt/gz_math_vendor:/opt/ros/jazzy/opt/gz_utils_vendor:/opt/ros/jazzy/opt/gz_tools_vendor:/opt/ros/jazzy/opt/gz_ogre_next_vendor:/opt/ros/jazzy/opt/gz_dartsim_vendor:/opt/ros/jazzy/opt/gz_cmake_vendor:/opt/ros/jazzy DEBUGINFOD_URLS=https://debuginfod.ubuntu.com LD_LIBRARY_PATH=/home/thibaut/Documents/bimanual_mocap/bimanual_ws/install/dynamixel_hardware_interface/lib:/home/thibaut/Documents/bimanual_mocap/bimanual_ws/install/dynamixel_interfaces/lib:/home/thibaut/Documents/bimanual_mocap/bimanual_ws/install/bimanualrobot_gazebo/lib:${LD_LIBRARY_PATH} PYTHONPATH=/home/thibaut/Documents/bimanual_mocap/bimanual_ws/build/bimanualrobot_bringup:/home/thibaut/Documents/bimanual_mocap/bimanual_ws/install/bimanualrobot_bringup/lib/python3.12/site-packages:/home/thibaut/Documents/bimanual_mocap/bimanual_ws/install/dynamixel_interfaces/lib/python3.12/site-packages:${PYTHONPATH} /usr/bin/cmake /home/thibaut/Documents/bimanual_mocap/bimanual_ws/src/bimanualrobot_ros2/bimanualrobot_ros2 -DAMENT_CMAKE_SYMLINK_INSTALL=1 -DCMAKE_INSTALL_PREFIX=/home/thibaut/Documents/bimanual_mocap/bimanual_ws/install/bimanualrobot_ros2
[35.130s] DEBUG:colcon.colcon_core.event_handler.log_command:Invoking command in '/home/thibaut/Documents/bimanual_mocap/bimanual_ws/build/bimanualrobot_ros2': AMENT_PREFIX_PATH=/home/thibaut/Documents/bimanual_mocap/bimanual_ws/install/bimanualrobot_bringup:/home/thibaut/Documents/bimanual_mocap/bimanual_ws/install/dynamixel_hardware_interface:/home/thibaut/Documents/bimanual_mocap/bimanual_ws/install/dynamixel_interfaces:/home/thibaut/Documents/bimanual_mocap/bimanual_ws/install/bimanualrobot_system_tests:/home/thibaut/Documents/bimanual_mocap/bimanual_ws/install/bimanualrobot_moveit_config:/home/thibaut/Documents/bimanual_mocap/bimanual_ws/install/bimanualrobot_gazebo:/home/thibaut/Documents/bimanual_mocap/bimanual_ws/install/bimanualrobot_description:${AMENT_PREFIX_PATH} CMAKE_PREFIX_PATH=/home/thibaut/Documents/bimanual_mocap/bimanual_ws/install/dynamixel_hardware_interface:/home/thibaut/Documents/bimanual_mocap/bimanual_ws/install/dynamixel_interfaces:/home/thibaut/Documents/bimanual_mocap/bimanual_ws/install/bimanualrobot_system_tests:/home/thibaut/Documents/bimanual_mocap/bimanual_ws/install/bimanualrobot_moveit_config:/home/thibaut/Documents/bimanual_mocap/bimanual_ws/install/bimanualrobot_gazebo:/home/thibaut/Documents/bimanual_mocap/bimanual_ws/install/bimanualrobot_description:/opt/ros/jazzy/opt/gz_sim_vendor:/opt/ros/jazzy/opt/gz_sensors_vendor:/opt/ros/jazzy/opt/gz_physics_vendor:/opt/ros/jazzy/opt/sdformat_vendor:/opt/ros/jazzy/opt/gz_gui_vendor:/opt/ros/jazzy/opt/gz_transport_vendor:/opt/ros/jazzy/opt/gz_rendering_vendor:/opt/ros/jazzy/opt/gz_plugin_vendor:/opt/ros/jazzy/opt/gz_fuel_tools_vendor:/opt/ros/jazzy/opt/gz_msgs_vendor:/opt/ros/jazzy/opt/gz_common_vendor:/opt/ros/jazzy/opt/gz_math_vendor:/opt/ros/jazzy/opt/gz_utils_vendor:/opt/ros/jazzy/opt/gz_tools_vendor:/opt/ros/jazzy/opt/gz_ogre_next_vendor:/opt/ros/jazzy/opt/gz_dartsim_vendor:/opt/ros/jazzy/opt/gz_cmake_vendor:/opt/ros/jazzy DEBUGINFOD_URLS=https://debuginfod.ubuntu.com LD_LIBRARY_PATH=/home/thibaut/Documents/bimanual_mocap/bimanual_ws/install/dynamixel_hardware_interface/lib:/home/thibaut/Documents/bimanual_mocap/bimanual_ws/install/dynamixel_interfaces/lib:/home/thibaut/Documents/bimanual_mocap/bimanual_ws/install/bimanualrobot_gazebo/lib:${LD_LIBRARY_PATH} PYTHONPATH=/home/thibaut/Documents/bimanual_mocap/bimanual_ws/build/bimanualrobot_bringup:/home/thibaut/Documents/bimanual_mocap/bimanual_ws/install/bimanualrobot_bringup/lib/python3.12/site-packages:/home/thibaut/Documents/bimanual_mocap/bimanual_ws/install/dynamixel_interfaces/lib/python3.12/site-packages:${PYTHONPATH} /usr/bin/cmake --build /home/thibaut/Documents/bimanual_mocap/bimanual_ws/build/bimanualrobot_ros2 -- -j6 -l6
[35.149s] DEBUG:colcon.colcon_core.event_handler.log_command:Invoked command in '/home/thibaut/Documents/bimanual_mocap/bimanual_ws/build/bimanualrobot_ros2' returned '0': AMENT_PREFIX_PATH=/home/thibaut/Documents/bimanual_mocap/bimanual_ws/install/bimanualrobot_bringup:/home/thibaut/Documents/bimanual_mocap/bimanual_ws/install/dynamixel_hardware_interface:/home/thibaut/Documents/bimanual_mocap/bimanual_ws/install/dynamixel_interfaces:/home/thibaut/Documents/bimanual_mocap/bimanual_ws/install/bimanualrobot_system_tests:/home/thibaut/Documents/bimanual_mocap/bimanual_ws/install/bimanualrobot_moveit_config:/home/thibaut/Documents/bimanual_mocap/bimanual_ws/install/bimanualrobot_gazebo:/home/thibaut/Documents/bimanual_mocap/bimanual_ws/install/bimanualrobot_description:${AMENT_PREFIX_PATH} CMAKE_PREFIX_PATH=/home/thibaut/Documents/bimanual_mocap/bimanual_ws/install/dynamixel_hardware_interface:/home/thibaut/Documents/bimanual_mocap/bimanual_ws/install/dynamixel_interfaces:/home/thibaut/Documents/bimanual_mocap/bimanual_ws/install/bimanualrobot_system_tests:/home/thibaut/Documents/bimanual_mocap/bimanual_ws/install/bimanualrobot_moveit_config:/home/thibaut/Documents/bimanual_mocap/bimanual_ws/install/bimanualrobot_gazebo:/home/thibaut/Documents/bimanual_mocap/bimanual_ws/install/bimanualrobot_description:/opt/ros/jazzy/opt/gz_sim_vendor:/opt/ros/jazzy/opt/gz_sensors_vendor:/opt/ros/jazzy/opt/gz_physics_vendor:/opt/ros/jazzy/opt/sdformat_vendor:/opt/ros/jazzy/opt/gz_gui_vendor:/opt/ros/jazzy/opt/gz_transport_vendor:/opt/ros/jazzy/opt/gz_rendering_vendor:/opt/ros/jazzy/opt/gz_plugin_vendor:/opt/ros/jazzy/opt/gz_fuel_tools_vendor:/opt/ros/jazzy/opt/gz_msgs_vendor:/opt/ros/jazzy/opt/gz_common_vendor:/opt/ros/jazzy/opt/gz_math_vendor:/opt/ros/jazzy/opt/gz_utils_vendor:/opt/ros/jazzy/opt/gz_tools_vendor:/opt/ros/jazzy/opt/gz_ogre_next_vendor:/opt/ros/jazzy/opt/gz_dartsim_vendor:/opt/ros/jazzy/opt/gz_cmake_vendor:/opt/ros/jazzy DEBUGINFOD_URLS=https://debuginfod.ubuntu.com LD_LIBRARY_PATH=/home/thibaut/Documents/bimanual_mocap/bimanual_ws/install/dynamixel_hardware_interface/lib:/home/thibaut/Documents/bimanual_mocap/bimanual_ws/install/dynamixel_interfaces/lib:/home/thibaut/Documents/bimanual_mocap/bimanual_ws/install/bimanualrobot_gazebo/lib:${LD_LIBRARY_PATH} PYTHONPATH=/home/thibaut/Documents/bimanual_mocap/bimanual_ws/build/bimanualrobot_bringup:/home/thibaut/Documents/bimanual_mocap/bimanual_ws/install/bimanualrobot_bringup/lib/python3.12/site-packages:/home/thibaut/Documents/bimanual_mocap/bimanual_ws/install/dynamixel_interfaces/lib/python3.12/site-packages:${PYTHONPATH} /usr/bin/cmake --build /home/thibaut/Documents/bimanual_mocap/bimanual_ws/build/bimanualrobot_ros2 -- -j6 -l6
[35.150s] DEBUG:colcon.colcon_core.event_handler.log_command:Invoking command in '/home/thibaut/Documents/bimanual_mocap/bimanual_ws/build/bimanualrobot_ros2': AMENT_PREFIX_PATH=/home/thibaut/Documents/bimanual_mocap/bimanual_ws/install/bimanualrobot_bringup:/home/thibaut/Documents/bimanual_mocap/bimanual_ws/install/dynamixel_hardware_interface:/home/thibaut/Documents/bimanual_mocap/bimanual_ws/install/dynamixel_interfaces:/home/thibaut/Documents/bimanual_mocap/bimanual_ws/install/bimanualrobot_system_tests:/home/thibaut/Documents/bimanual_mocap/bimanual_ws/install/bimanualrobot_moveit_config:/home/thibaut/Documents/bimanual_mocap/bimanual_ws/install/bimanualrobot_gazebo:/home/thibaut/Documents/bimanual_mocap/bimanual_ws/install/bimanualrobot_description:${AMENT_PREFIX_PATH} CMAKE_PREFIX_PATH=/home/thibaut/Documents/bimanual_mocap/bimanual_ws/install/dynamixel_hardware_interface:/home/thibaut/Documents/bimanual_mocap/bimanual_ws/install/dynamixel_interfaces:/home/thibaut/Documents/bimanual_mocap/bimanual_ws/install/bimanualrobot_system_tests:/home/thibaut/Documents/bimanual_mocap/bimanual_ws/install/bimanualrobot_moveit_config:/home/thibaut/Documents/bimanual_mocap/bimanual_ws/install/bimanualrobot_gazebo:/home/thibaut/Documents/bimanual_mocap/bimanual_ws/install/bimanualrobot_description:/opt/ros/jazzy/opt/gz_sim_vendor:/opt/ros/jazzy/opt/gz_sensors_vendor:/opt/ros/jazzy/opt/gz_physics_vendor:/opt/ros/jazzy/opt/sdformat_vendor:/opt/ros/jazzy/opt/gz_gui_vendor:/opt/ros/jazzy/opt/gz_transport_vendor:/opt/ros/jazzy/opt/gz_rendering_vendor:/opt/ros/jazzy/opt/gz_plugin_vendor:/opt/ros/jazzy/opt/gz_fuel_tools_vendor:/opt/ros/jazzy/opt/gz_msgs_vendor:/opt/ros/jazzy/opt/gz_common_vendor:/opt/ros/jazzy/opt/gz_math_vendor:/opt/ros/jazzy/opt/gz_utils_vendor:/opt/ros/jazzy/opt/gz_tools_vendor:/opt/ros/jazzy/opt/gz_ogre_next_vendor:/opt/ros/jazzy/opt/gz_dartsim_vendor:/opt/ros/jazzy/opt/gz_cmake_vendor:/opt/ros/jazzy DEBUGINFOD_URLS=https://debuginfod.ubuntu.com LD_LIBRARY_PATH=/home/thibaut/Documents/bimanual_mocap/bimanual_ws/install/dynamixel_hardware_interface/lib:/home/thibaut/Documents/bimanual_mocap/bimanual_ws/install/dynamixel_interfaces/lib:/home/thibaut/Documents/bimanual_mocap/bimanual_ws/install/bimanualrobot_gazebo/lib:${LD_LIBRARY_PATH} PYTHONPATH=/home/thibaut/Documents/bimanual_mocap/bimanual_ws/build/bimanualrobot_bringup:/home/thibaut/Documents/bimanual_mocap/bimanual_ws/install/bimanualrobot_bringup/lib/python3.12/site-packages:/home/thibaut/Documents/bimanual_mocap/bimanual_ws/install/dynamixel_interfaces/lib/python3.12/site-packages:${PYTHONPATH} /usr/bin/cmake --install /home/thibaut/Documents/bimanual_mocap/bimanual_ws/build/bimanualrobot_ros2
[35.215s] Level 1:colcon.colcon_core.environment:create_environment_scripts_only(bimanualrobot_ros2)
[35.215s] Level 1:colcon.colcon_core.environment:checking '/home/thibaut/Documents/bimanual_mocap/bimanual_ws/install/bimanualrobot_ros2' for CMake module files
[35.216s] DEBUG:colcon.colcon_core.event_handler.log_command:Invoked command in '/home/thibaut/Documents/bimanual_mocap/bimanual_ws/build/bimanualrobot_ros2' returned '0': AMENT_PREFIX_PATH=/home/thibaut/Documents/bimanual_mocap/bimanual_ws/install/bimanualrobot_bringup:/home/thibaut/Documents/bimanual_mocap/bimanual_ws/install/dynamixel_hardware_interface:/home/thibaut/Documents/bimanual_mocap/bimanual_ws/install/dynamixel_interfaces:/home/thibaut/Documents/bimanual_mocap/bimanual_ws/install/bimanualrobot_system_tests:/home/thibaut/Documents/bimanual_mocap/bimanual_ws/install/bimanualrobot_moveit_config:/home/thibaut/Documents/bimanual_mocap/bimanual_ws/install/bimanualrobot_gazebo:/home/thibaut/Documents/bimanual_mocap/bimanual_ws/install/bimanualrobot_description:${AMENT_PREFIX_PATH} CMAKE_PREFIX_PATH=/home/thibaut/Documents/bimanual_mocap/bimanual_ws/install/dynamixel_hardware_interface:/home/thibaut/Documents/bimanual_mocap/bimanual_ws/install/dynamixel_interfaces:/home/thibaut/Documents/bimanual_mocap/bimanual_ws/install/bimanualrobot_system_tests:/home/thibaut/Documents/bimanual_mocap/bimanual_ws/install/bimanualrobot_moveit_config:/home/thibaut/Documents/bimanual_mocap/bimanual_ws/install/bimanualrobot_gazebo:/home/thibaut/Documents/bimanual_mocap/bimanual_ws/install/bimanualrobot_description:/opt/ros/jazzy/opt/gz_sim_vendor:/opt/ros/jazzy/opt/gz_sensors_vendor:/opt/ros/jazzy/opt/gz_physics_vendor:/opt/ros/jazzy/opt/sdformat_vendor:/opt/ros/jazzy/opt/gz_gui_vendor:/opt/ros/jazzy/opt/gz_transport_vendor:/opt/ros/jazzy/opt/gz_rendering_vendor:/opt/ros/jazzy/opt/gz_plugin_vendor:/opt/ros/jazzy/opt/gz_fuel_tools_vendor:/opt/ros/jazzy/opt/gz_msgs_vendor:/opt/ros/jazzy/opt/gz_common_vendor:/opt/ros/jazzy/opt/gz_math_vendor:/opt/ros/jazzy/opt/gz_utils_vendor:/opt/ros/jazzy/opt/gz_tools_vendor:/opt/ros/jazzy/opt/gz_ogre_next_vendor:/opt/ros/jazzy/opt/gz_dartsim_vendor:/opt/ros/jazzy/opt/gz_cmake_vendor:/opt/ros/jazzy DEBUGINFOD_URLS=https://debuginfod.ubuntu.com LD_LIBRARY_PATH=/home/thibaut/Documents/bimanual_mocap/bimanual_ws/install/dynamixel_hardware_interface/lib:/home/thibaut/Documents/bimanual_mocap/bimanual_ws/install/dynamixel_interfaces/lib:/home/thibaut/Documents/bimanual_mocap/bimanual_ws/install/bimanualrobot_gazebo/lib:${LD_LIBRARY_PATH} PYTHONPATH=/home/thibaut/Documents/bimanual_mocap/bimanual_ws/build/bimanualrobot_bringup:/home/thibaut/Documents/bimanual_mocap/bimanual_ws/install/bimanualrobot_bringup/lib/python3.12/site-packages:/home/thibaut/Documents/bimanual_mocap/bimanual_ws/install/dynamixel_interfaces/lib/python3.12/site-packages:${PYTHONPATH} /usr/bin/cmake --install /home/thibaut/Documents/bimanual_mocap/bimanual_ws/build/bimanualrobot_ros2
[35.216s] Level 1:colcon.colcon_core.environment:checking '/home/thibaut/Documents/bimanual_mocap/bimanual_ws/install/bimanualrobot_ros2' for CMake config files
[35.216s] Level 1:colcon.colcon_core.shell:create_environment_hook('bimanualrobot_ros2', 'cmake_prefix_path')
[35.216s] INFO:colcon.colcon_core.shell:Creating environment hook '/home/thibaut/Documents/bimanual_mocap/bimanual_ws/install/bimanualrobot_ros2/share/bimanualrobot_ros2/hook/cmake_prefix_path.ps1'
[35.216s] INFO:colcon.colcon_core.shell:Creating environment descriptor '/home/thibaut/Documents/bimanual_mocap/bimanual_ws/install/bimanualrobot_ros2/share/bimanualrobot_ros2/hook/cmake_prefix_path.dsv'
[35.216s] INFO:colcon.colcon_core.shell:Creating environment hook '/home/thibaut/Documents/bimanual_mocap/bimanual_ws/install/bimanualrobot_ros2/share/bimanualrobot_ros2/hook/cmake_prefix_path.sh'
[35.217s] Level 1:colcon.colcon_core.environment:checking '/home/thibaut/Documents/bimanual_mocap/bimanual_ws/install/bimanualrobot_ros2/bin'
[35.217s] Level 1:colcon.colcon_core.environment:checking '/home/thibaut/Documents/bimanual_mocap/bimanual_ws/install/bimanualrobot_ros2/lib/pkgconfig/bimanualrobot_ros2.pc'
[35.217s] Level 1:colcon.colcon_core.environment:checking '/home/thibaut/Documents/bimanual_mocap/bimanual_ws/install/bimanualrobot_ros2/lib/python3.12/site-packages'
[35.217s] Level 1:colcon.colcon_core.environment:checking '/home/thibaut/Documents/bimanual_mocap/bimanual_ws/install/bimanualrobot_ros2/bin'
[35.217s] INFO:colcon.colcon_core.shell:Creating package script '/home/thibaut/Documents/bimanual_mocap/bimanual_ws/install/bimanualrobot_ros2/share/bimanualrobot_ros2/package.ps1'
[35.217s] INFO:colcon.colcon_core.shell:Creating package descriptor '/home/thibaut/Documents/bimanual_mocap/bimanual_ws/install/bimanualrobot_ros2/share/bimanualrobot_ros2/package.dsv'
[35.217s] INFO:colcon.colcon_core.shell:Creating package script '/home/thibaut/Documents/bimanual_mocap/bimanual_ws/install/bimanualrobot_ros2/share/bimanualrobot_ros2/package.sh'
[35.217s] INFO:colcon.colcon_core.shell:Creating package script '/home/thibaut/Documents/bimanual_mocap/bimanual_ws/install/bimanualrobot_ros2/share/bimanualrobot_ros2/package.bash'
[35.218s] INFO:colcon.colcon_core.shell:Creating package script '/home/thibaut/Documents/bimanual_mocap/bimanual_ws/install/bimanualrobot_ros2/share/bimanualrobot_ros2/package.zsh'
[35.218s] Level 1:colcon.colcon_core.environment:create_file_with_runtime_dependencies(/home/thibaut/Documents/bimanual_mocap/bimanual_ws/install/bimanualrobot_ros2/share/colcon-core/packages/bimanualrobot_ros2)
[35.218s] Level 1:colcon.colcon_core.environment:create_environment_scripts_only(bimanualrobot_ros2)
[35.218s] Level 1:colcon.colcon_core.environment:checking '/home/thibaut/Documents/bimanual_mocap/bimanual_ws/install/bimanualrobot_ros2' for CMake module files
[35.218s] Level 1:colcon.colcon_core.environment:checking '/home/thibaut/Documents/bimanual_mocap/bimanual_ws/install/bimanualrobot_ros2' for CMake config files
[35.218s] Level 1:colcon.colcon_core.shell:create_environment_hook('bimanualrobot_ros2', 'cmake_prefix_path')
[35.218s] INFO:colcon.colcon_core.shell:Creating environment hook '/home/thibaut/Documents/bimanual_mocap/bimanual_ws/install/bimanualrobot_ros2/share/bimanualrobot_ros2/hook/cmake_prefix_path.ps1'
[35.219s] INFO:colcon.colcon_core.shell:Creating environment descriptor '/home/thibaut/Documents/bimanual_mocap/bimanual_ws/install/bimanualrobot_ros2/share/bimanualrobot_ros2/hook/cmake_prefix_path.dsv'
[35.219s] INFO:colcon.colcon_core.shell:Creating environment hook '/home/thibaut/Documents/bimanual_mocap/bimanual_ws/install/bimanualrobot_ros2/share/bimanualrobot_ros2/hook/cmake_prefix_path.sh'
[35.219s] Level 1:colcon.colcon_core.environment:checking '/home/thibaut/Documents/bimanual_mocap/bimanual_ws/install/bimanualrobot_ros2/bin'
[35.219s] Level 1:colcon.colcon_core.environment:checking '/home/thibaut/Documents/bimanual_mocap/bimanual_ws/install/bimanualrobot_ros2/lib/pkgconfig/bimanualrobot_ros2.pc'
[35.219s] Level 1:colcon.colcon_core.environment:checking '/home/thibaut/Documents/bimanual_mocap/bimanual_ws/install/bimanualrobot_ros2/lib/python3.12/site-packages'
[35.219s] Level 1:colcon.colcon_core.environment:checking '/home/thibaut/Documents/bimanual_mocap/bimanual_ws/install/bimanualrobot_ros2/bin'
[35.219s] INFO:colcon.colcon_core.shell:Creating package script '/home/thibaut/Documents/bimanual_mocap/bimanual_ws/install/bimanualrobot_ros2/share/bimanualrobot_ros2/package.ps1'
[35.219s] INFO:colcon.colcon_core.shell:Creating package descriptor '/home/thibaut/Documents/bimanual_mocap/bimanual_ws/install/bimanualrobot_ros2/share/bimanualrobot_ros2/package.dsv'
[35.219s] INFO:colcon.colcon_core.shell:Creating package script '/home/thibaut/Documents/bimanual_mocap/bimanual_ws/install/bimanualrobot_ros2/share/bimanualrobot_ros2/package.sh'
[35.220s] INFO:colcon.colcon_core.shell:Creating package script '/home/thibaut/Documents/bimanual_mocap/bimanual_ws/install/bimanualrobot_ros2/share/bimanualrobot_ros2/package.bash'
[35.220s] INFO:colcon.colcon_core.shell:Creating package script '/home/thibaut/Documents/bimanual_mocap/bimanual_ws/install/bimanualrobot_ros2/share/bimanualrobot_ros2/package.zsh'
[35.220s] Level 1:colcon.colcon_core.environment:create_file_with_runtime_dependencies(/home/thibaut/Documents/bimanual_mocap/bimanual_ws/install/bimanualrobot_ros2/share/colcon-core/packages/bimanualrobot_ros2)
[35.220s] DEBUG:colcon.colcon_parallel_executor.executor.parallel:closing loop
[35.221s] DEBUG:colcon.colcon_parallel_executor.executor.parallel:loop closed
[35.221s] DEBUG:colcon.colcon_parallel_executor.executor.parallel:run_until_complete finished with '0'
[35.221s] DEBUG:colcon.colcon_core.event_reactor:joining thread
[35.233s] INFO:colcon.colcon_core.plugin_system:Skipping extension 'colcon_notification.desktop_notification.terminal_notifier': Not used on non-Darwin systems
[35.233s] INFO:colcon.colcon_core.plugin_system:Skipping extension 'colcon_notification.desktop_notification.win32': Not used on non-Windows systems
[35.233s] INFO:colcon.colcon_notification.desktop_notification:Sending desktop notification using 'notify2'
[35.265s] DEBUG:colcon.colcon_core.event_reactor:joined thread
[35.265s] INFO:colcon.colcon_core.shell:Creating prefix script '/home/thibaut/Documents/bimanual_mocap/bimanual_ws/install/local_setup.ps1'
[35.265s] INFO:colcon.colcon_core.shell:Creating prefix util module '/home/thibaut/Documents/bimanual_mocap/bimanual_ws/install/_local_setup_util_ps1.py'
[35.266s] INFO:colcon.colcon_core.shell:Creating prefix chain script '/home/thibaut/Documents/bimanual_mocap/bimanual_ws/install/setup.ps1'
[35.268s] INFO:colcon.colcon_core.shell:Creating prefix script '/home/thibaut/Documents/bimanual_mocap/bimanual_ws/install/local_setup.sh'
[35.268s] INFO:colcon.colcon_core.shell:Creating prefix util module '/home/thibaut/Documents/bimanual_mocap/bimanual_ws/install/_local_setup_util_sh.py'
[35.269s] INFO:colcon.colcon_core.shell:Creating prefix chain script '/home/thibaut/Documents/bimanual_mocap/bimanual_ws/install/setup.sh'
[35.269s] INFO:colcon.colcon_core.shell:Creating prefix script '/home/thibaut/Documents/bimanual_mocap/bimanual_ws/install/local_setup.bash'
[35.270s] INFO:colcon.colcon_core.shell:Creating prefix chain script '/home/thibaut/Documents/bimanual_mocap/bimanual_ws/install/setup.bash'
[35.270s] INFO:colcon.colcon_core.shell:Creating prefix script '/home/thibaut/Documents/bimanual_mocap/bimanual_ws/install/local_setup.zsh'
[35.271s] INFO:colcon.colcon_core.shell:Creating prefix chain script '/home/thibaut/Documents/bimanual_mocap/bimanual_ws/install/setup.zsh'
